date,title,sentiment
2023-05-30 9:52,"카카오, 세 번째 ESG보고서…'서비스 장애' 대응 소개",0
2023-05-30 11:10,"카카오페이증권, 미국 주식 환율우대 신청 서비스 오픈",1
2023-05-30 9:24,"카카오, 2022 ESG 보고서 발간…지배구조 선진화 나선다",1
2023-05-30 11:01,카카오페이 “대출갈아타기 사전신청자 70% 1금융권 고객”,1
2023-05-30 10:42,"패션바이카카오, ‘헬로 썸머 위크’ 진행",1
2023-05-30 11:25,카카오TV의 씁쓸한 퇴장…위기의 국내 OTT,0
2023-05-30 16:16,네이버 수준으로 설비투자 늘리는 카카오… ‘먹통 카톡’ 오명 벗을까,1
2023-05-30 3:02,"카카오, 문어발식 확장 멈춘다더니… 계열사 더 늘었다",0
2023-05-30 8:22,SPC·카카오·매일유업…사옥을 짓지 않는 이유는,
2023-05-30 9:58,관광公·카카오·티맵 등 외래객 교통편의 공조 활발,1
2023-05-30 5:05,카카오 이어 악사손보… ‘교보지주 꿈’ 이룰까,1
2023-05-30 9:19,"크리스피크림도넛, 카카오톡 선물하기 전용 굿즈 상품 출시",1
2023-05-30 9:55,"카카오페이증권, 미 주식 협의수수료 신설…월 5억 이상 거래 조건",1
2023-05-30 16:23,카카오 등 IT업체도 알뜰폰 사업 속도···통신비 내려갈까,1
2023-05-30 17:52,[기자의 눈] 광고창 된 카카오톡,0
2023-05-30 10:32,"멋지다 박연진'…배우 임지연, 명예경찰 됐다",
2023-05-30 16:42,"尹대통령, 한상혁 방통위원장 면직안 재가 초읽기",
2023-05-30 12:01,31일부터 신용대출·카드론 갈아탄다,
2023-05-30 11:19,"“당장 안하면 호갱됩니다” 15분 클릭, 대출이자 수십만원 아끼세요",
2023-05-30 5:27,"돈봉투 체포동의안'에 민주당, 간호법 재의결로 '입법 반격'",
2023-05-30 12:34,더 낮은 금리 신용대출 발견하면? 15분 만에 갈아탄다,
2023-05-30 15:40,비공개 선고 읍소까지…'강제추행' 前아이돌 1심 징역형,0
2023-05-30 6:01,"""내일부터 금리 경쟁 불붙는다""…'대환대출플랫폼' 31일 본격 출시",
2023-05-30 9:52,방한관광객 이동 편리해진다…관광공사-교통업계 맞손,1
2023-05-30 13:06,‘앗! 여기가 더 낮네’ 휴대전화로 내일부터 신용대출 갈아탈 수 있다,
2023-05-30 17:07,"초격차 기술로 불황 넘자'…삼성·SK, 차세대 D램 잇달아 양산",1
2023-05-30 17:06,"경찰, '한동훈 개인정보 유출 의혹'…MBC 사옥 압수수색 시도(종합)",
2023-05-30 15:35,"경찰, 거액 수임료 의혹 민주당 양부남 법률위원장 영장 신청",
2023-05-30 16:01,"盧부부 명예훼손' 與정진석, 박원순 탓…""비방의도 없었다""",
2023-05-30 11:48,2011년 이후 설탕 가격 최고…'정부 관세 인하 처방 나서',
2023-05-30 6:02,민주노총 대규모 도심집회에…경찰 '과격진압' 강행?,
2023-05-30 12:07,"건재한 '관피아'?…""농림부·해수부 출신 10명 중 8명 재취업""",
2023-05-30 9:54,"젤렌스키 ""시점 결정됐다""…우크라이나 대반격 초읽기",
2023-05-30 5:17,北 위성발사 예고에 정부 강력 경고…PSI 개시로 긴장 고조,
2023-05-30 11:41,감소세 이어간 미분양…전세 기피 현상도 지속,
2023-05-30 7:27,"北 리병철 ""군사정찰위성1호기 6월 발사…정찰수단들 새로 시험예정""",
2023-05-30 15:20,"與, 野주도 직회부 '노란봉투법' 헌재에 '권한쟁의 심판' 청구",
2023-05-30 17:56,"""빌린돈 0.1% 돌려드려요"" 대출환승족 모시기 경쟁",1
2023-05-30 10:59,"애니플러스, 웹툰 10편 애니化…라프텔 시너지 본격화",
2023-05-30 11:40,"선관위, '자녀 특혜채용' 의혹 11명…노태악 ""국민께 송구""",
2023-05-30 11:55,"전현희 ""선관위 자녀 특혜 채용 의혹 조사 착수""",
2023-05-30 11:03,"호남 출신' 김가람, 與 최고위원 보궐선거 출사표",
2023-05-30 10:29,"백종원 효과' 예산상설시장, 누적 총방문객 68만 명 돌파",
2023-05-30 14:23,"해양차단훈련, 기상악화로 축소…'욱일기' 해상사열도 취소",
2023-05-30 12:53,"檢-이화영, '쌍방울 대북송금' 관련 국정원 증인신청 예정",
2023-05-30 11:37,"[기고]간호법에 정치적, 이념적 프레임 씌우는 무리 누구인가?",
2023-05-30 14:59,"대환대출, 이제 쉬워진다",
2023-05-30 17:14,"""계속 뜨거워지는 바다"" 우리해역 평년보다 1도 높아진다",
2023-05-30 12:14,중환자실 찾다가…후진 차량에 치인 70대 이송 중 숨져,
2023-05-30 12:48,회원제나 마찬가지…요금 비싼 비회원제 골프장 보유세 강화,
2023-05-30 14:28,말다툼하던 동호회 동료 폭행해 숨지게 한 30대 붙잡혀,
2023-05-30 6:05,"“티셔츠 벗어볼래, 안아봐도 돼”",
2023-05-30 11:02,양손 뒤로 꺾이고 2중·3중 겹친 유해…서산 부역 희생사건 유해 발굴,
2023-05-30 9:59,"유진그룹, 감성 디지털 일러스트로 MZ세대와 소통 강화",
2023-05-30 17:52,"尹 거부권' 간호법 재표결 결국 부결…野 ""새 법안 만든다""[영상]",
2023-05-30 11:46,"카카오페이 대출갈아타기, 1금융권 제휴사 7곳…""실질적 편익 제공""",1
2023-05-30 9:58,"카카오페이증권, 美 주식 협의수수료 및 환율우대 서비스 오픈",1
2023-05-30 17:03,"정샘물뷰티, 카카오 쇼핑 라이브서  '아티스트 팔레트 5종' 선 론칭",1
2023-05-30 17:13,"카카오, ‘베이비위크 프로모션’… 6월4일까지",
2023-05-30 9:26,"카카오페이증권, 미국주식 협의수수료 및 환율우대 서비스 오픈",1
2023-05-30 10:15,"카카오페이, 1금융권과 '대출 갈아타기' 동반 레이스",1
2023-05-30 9:14,"크리스피크림도넛,  '카카오톡 선물하기 전용 굿즈 패키지' 운영",
2023-05-30 13:30,인터넷전문은행 5월 평판 결과 1위에 케이뱅크... 2위 카카오뱅크,1
None,None,
2023-05-30 14:46,"신용대출, 내일부터 네이버·카카오·토스 앱에서 비교 후 갈아 탄다",1
2023-05-30 14:33,카카오·SK는 탁송시장 진출 포기하라',0
2023-05-30 8:36,"메리츠證 ""카카오뱅크, 차별화된 대출 성장세…목표가 3.3만원""",1
2023-05-30 8:31,[비즈人워치]카카오페이증권 종토방 키운 '춘식이의 고구마',
2023-05-30 12:00,스마트폰으로 '신용대출 갈아타기' 내일부터 가능해진다,1
2023-05-30 15:00,안심전세앱'서 전국 빌라·오피스텔·아파트 시세 본다,
2023-05-30 12:00,원스톱 대환대출 앱'으로 갈아탈 수 있는 대출과 방법은,
2023-05-30 12:02,내일부터 스마트폰으로 대출 갈아탄다…대환대출 서비스 가동,
2023-05-30 6:31,60원 커피·350원 도시락…편의점 '가격 파괴' 경쟁,1
2023-05-30 14:44,주가조작' 결국 칼 빼든 금감원…조사부문 10년 만에 대개편,
2023-05-30 12:03,15분 원스톱' 대환대출 이렇게 이용하세요,
2023-05-30 8:33,대기업 女 유리천장 여전…5년간 사내이사 '2.3%' 제자리,
2023-05-30 12:01,내일부터 ‘대환대출 인프라’ 개시…10억 이하 신용대출 쉽게 갈아탄다,
2023-05-30 15:59,내일부터 스마트폰으로 더 싼 대출로 갈아탄다,
2023-05-30 15:52,"[금융포커스] 특례보금자리론, 인기 급감에도 금리 인하 딜레마",
2023-05-30 18:01,클릭 몇 번이면 OK…15분이면 더 싼 대출로 갈아탄다,
2023-05-30 16:46,“알라딘 전자책 최소 5000권 해킹...출판 산업 뒤흔드는 초유의 사건”,
2023-05-30 14:20,"尹, 호주 부총리 만나 ""인태 지역 중요 파트너, 협력 확대""",
2023-05-30 14:13,31일부터 대환대출 서비스 시작…15분이면 갈아탄다,
2023-05-30 15:01,"정부, 안심전세 앱 2.0 출시…시세 제공 서비스 전국으로 확대",
2023-05-30 13:19,"소아환자, 휴일·야간 비대면 초진 허용…의원수가는 30% 인상",
2023-05-30 16:21,은행별 대환대출 월 한도 200억~300억 불과(종합),
2023-05-30 11:04,전세사기 가담 의심 공인중개사 99명 적발…53건 수사의뢰,
2023-05-30 18:28,"尹, 한상혁 방통위원장 면직…대통령실 ""중대 범죄, 직무 수행 불가능""",
2023-05-30 12:54,中 선저우 16호 발사 성공…우주정거장 임무 수행,
2023-05-30 11:40,"내일 서울 도심 대규모 집회…""교통 혼잡 예상""",
2023-05-30 13:12,15분만에 '싼 대출'로 갈아탄다…실시간 조건 조회부터 계약까지,
2023-05-30 10:31,"[르포] ""가족보니 뭉클"" 비로소 고국 땅 밟은 괌 여행객들",
2023-05-30 11:12,"산림청, 흰개미 피해 실태 파악…전수 조사",
2023-05-30 13:47,"""왜 내 조카 괴롭혀""…공장 찾아간 삼촌, 중국 교포 흉기에 숨져",
2023-05-30 8:43,"""싼 이자에 대출 뺏고 뺏긴다"" 대환대출 플랫폼 내일 출격",
2023-05-30 19:24,믿었던 공인중개사가…전세사기 의심 중개사 특별점검[정다운의 뉴스톡],
2023-05-30 15:01,시세 전국구 확대'…안심전세앱 2.0 출시,
2023-05-30 6:49,커피가 60원?…고물가에 편의점 초저가 상품,
2023-05-30 15:00,안심전세앱 2.0' 나쁜 집주인 여부·보증사고 이력 알 수 있다,
2023-05-30 13:36,"""스마트폰으로 대출 갈아탄다""…'대환대출?인프라'?개시",
2023-05-30 15:53,안심전세앱'으로 전국 빌라·오피스텔·아파트 시세 공개(종합),
2023-05-30 12:03,"""스마트폰 앱으로 수십만원 아낀다""…31일부터 '대출 갈아타기' 서비스",
2023-05-30 13:49,"“전자책, 해킹당해 유출”...출협, “발견 즉시 신고해달라” [전문]",
2023-05-30 9:26,“클릭 한번으로 대출 금리 낮춘다”...대환대출 서비스 출격,
2023-05-30 12:28,"""대출 성공적으로 갈아타고 싶다면"" 대환대출 인프라 가이드라인, 쉽게 이해해봐요!",
2023-05-30 14:45,신용대출 15분 만에 갈아탄다...‘모바일 대출 갈아타기’ 31일부터 개시,
2023-05-30 14:12,15분만에 신용대출 갈아 탄다'…내일부터 온라인 대환대출 실시,
2023-05-30 9:13,"""60원 커피 보셨나요?""…고물가에 편의점은 '할인+할인+할인' 가격 파괴",
2023-05-30 17:12,"경찰청장 ""민주노총 집회 엄정 대응…캡사이신 사용하라""",
2023-05-30 11:01,"北 '위성 발사' 예고에 한일 5년만에 군축비확산협의회 ""심각한 우려""",0
2023-05-30 9:39,"롯데웰푸드, 가정의 달 맞아 사회공헌 활동 전개",
2023-05-30 17:02,면목동 부친 살해·유기' 김씨 구속…프로파일러 투입,
2023-05-30 15:02,"기아 ""유럽향 EV9으로 전동화 전환에 박차""",1
2023-05-30 13:53,"日정부 ""北미사일 일본 영역 낙하 우려되면 요격""",0
2023-05-30 14:59,31일부터 '대출 갈아타기' 쉬워진다,
2023-05-30 10:29,"사찰에 불 지른 주지승려…""사실혼 관계 아내와 다퉈서""",
2023-05-30 14:32,"""층간소음 때문에""…이웃집 수차례 흉기 협박한 50대 구속",
2023-05-30 14:36,"부산은행, 국유재산 매수인에 대출 지원",
2023-05-30 6:03,국내 주요기업 여성임원 7% 육박…사외이사 늘고 사내이사 정체,
2023-05-30 16:37,돈 봉투' 윤관석·이성만 체포동의안 보고…다음달 12일 표결,
2023-05-30 15:31,오피스텔·아파트 시세 한눈에…안심전세앱 확 바뀐다,
2023-05-30 13:08,"중3 학부모 82%, ""고교에서 수학은 이과, 국어는 '언어와 매체' 희망""",
2023-05-30 17:00,폰에서 신용대출 갈아탄다…대환대출 '빅뱅',
2023-05-30 16:11,“아메리카노가 60원?”...고물가에 편의점 초저가 할인 경쟁,
2023-05-30 17:14,국내 주요 기업 여성 임원 7% 불과...사외이사 늘고 사내이사 제자리,
2023-05-30 14:59,31일부터 '대출 갈아타기' 쉬워집니다,
2023-05-30 17:43,학폭 피해자 ‘추모꽃’ 치워버린 학교…“쓰레기로 착각”,
2023-05-30 5:55,"尹 ""광활한 태평양서 한 배 탄 이웃""…ODA 규모 2배로",
2023-05-30 15:15,"가상자산 지갑 '클립', 폴리곤 지원",
2023-05-30 18:11,토스뱅크 1분기 순손실 280억원…연체율 인뱅 최고로 올라,0
2023-05-30 18:07,안심전세 앱' 전국으로 확대…1252만가구 시세 확인 가능,
2023-05-30 15:00,안심전세 App 2.0' 31일 출시…시세 제공 전국 1252만 가구로 확대,
2023-05-30 11:05,대구 수성알파시티 '디지털혁신거점' 지정,
2023-05-30 15:46,"웰컴저축은행, 대환대출 플랫폼 서비스 내일 시작",
2023-05-30 11:49,"암 투병 전여옥 ""좋아하는 좌파들 많아…악플 고소할 것""[이슈시개]",
2023-05-30 11:01,"민주노총 31일 서울 도심서 대규모 집회..경찰 ""교통정체 예상""",
2023-05-30 14:00,"이성만 ""망신 주려는 정치적 의도""…구속영장 청구서 자진 공개",
2023-05-29 21:43,"김건희 여사, '반가사유상' 소개하며 '문화' 외교 펼쳐",
2023-05-30 9:47,유리천장' 여전…자본시장법·ESG 확대에도 韓 기업 女 임원 '7%' 그쳐,
2023.05.30. 오후 4:17,"
			“2023 서울국제식품산업대전 30일 킨텍스서 개막”
		",
2023-05-30 19:05,새 대법관 후보 윤준·서경환 등 8명 압축,
2023-05-30 6:02,콘센트 보여 꽂았을 뿐인데?…'절도'입니다,
2023-05-30 11:07,[가평소식] 시티투어버스 6월 한 달간 50% 할인,
2023-05-30 14:02,"한화오션 노사 ""회사 발전·고용 안정""…상생 선언",
2023-05-30 14:24,"중진공-신보, 창업기업 금융 안전망 강화 '맞손'",
2023-05-30 13:50,"한국금거래소, 블록체인 시장 노크…아이티센 합작법인, 클레이튼 GC 합류",
2023-05-30 8:31,자살은 ‘극단적 선택’일까…“언론이 보도 원칙 어겨”,
2023-05-30 9:12,"KB국민카드, '이지대환대출' 출시",
2023-05-30 11:02,"포스코·SKC, 차세대 이차전지소재 사업 손잡았다",
2023-05-30 14:31,350원 도시락 이어 '60원 아아' 나왔다…편의점 가격파격 경쟁,
2023-05-30 14:20,"""바이오 원료서 기름 뽑는다""…에쓰오일, 실증사업 추진",
2023-05-30 9:41,"캐나다, 포스코퓨처엠·GM 양극재 공장에 '통큰' 투자",
2023-05-30 18:44,"""일러스트 협업 작품 선보여""…유진의 MZ소통법",
2023-05-30 15:01,“전세계약 때 필수”..  안심전세 App 2.0 버전 출시,
2023-05-30 16:51,"한동훈 장관 ""해코지 위한 개인정보 악용 그냥 넘어가면 안 돼""",
2023-05-30 10:37,빈 캐리어 끌고 나왔다…알바앱서 만난 또래 살해한 20대女 '구속',
2023-05-30 19:26,"MBC 노사, 압수수색 시도에 ""보복·과잉수사"" 반발",
2023-05-30 12:02,내일부터 신용대출 15분만에 갈아탄다,
2023-05-30 14:06,"LG전자·GS건설, 소형모듈러 주택 '스마트코티지' 맞손",
2023-05-30 15:52,내일부터 '안심전세앱'에서 전국 빌라·오피스텔·아파트 시세 확인 가능,
2023-05-30 17:39,주가 하락에 베팅 늘었나 대차잔고 82조원 '역대급',1
2023-05-30 10:32,괌에 발 묶였던 국내 여행객들…일주일 만에 김해공항 도착,
2023-05-30 12:01,휴대폰으로 낮은 금리 갈아타는 ‘대환대출’ 서비스 내일 개시,
2023-05-30 9:54,"관광공사, 교통업계와 '외래 관광객 교통편의' 업무협약",
2023-05-30 17:47,"광주 북구청, 어르신 효 음악회 개최",
2023-05-30 16:57,계룡건설 '스마트 안전장비' 개발…안전한 건설환경 조성,
2023-05-30 9:43,"김종대 ""日도 욱일기라는데, 아니란 국방부…유치해""",
2023-05-30 15:51,커피 한 잔이 최저 60원…고물가에 편의점 초저가 경쟁,
2023-05-30 10:47,"""임금피크제 삭감분 돌려달라"" 대구 농협 퇴직자들 민사소송 승소",
2023-05-30 18:42,전세매물 사기 의심된다면…이 앱에서 한번 확인하고 가시죠,
2023-05-30 16:05,"전세사기 '이 앱'으로 걸러내세요…""악성 임대인 바로 확인 가능""",
2023-05-30 0:57,"괌 고립' 한국인 관광객, 일주일 만에 귀국",
2023-05-30 14:58,대환대출 인프라 점검하는 김소영 금융위 부위원장,
2023-05-30 12:03,"대환대출 경쟁, 은행 창구에서도 벌어진다",
2023-05-30 11:25,"롯데웰푸드, 가정의 달 맞아 달콤한 사랑나눔 전개",
2023-05-30 12:28,"가평군, 6월 한 달간 시티투어버스 요금 50% 할인",
2023-05-30 10:10,"KB국민카드, '대환대출 서비스' 플랫폼 구축 완료…'이지대환대출' 출시",
2023-05-30 13:50,중·고등생 알바 경험 6.7%…인터넷 일주일 24.3시간 이용,
2023-05-30 15:06,"안심전세앱 2.0 버전 출시…""전세 시세 투명화""",
2023-05-30 13:09,제주 퇴직공무원 75%가 5년차 미만,
2023-05-30 14:02,"""안심과 성능 모두 잡는다""…SKT, 갤럭시 퀀텀4 출시",
2023-05-30 11:25,"KAIST, 창업생태계 활성화 '박차'",1
2023-05-30 10:41,"금감원, 주가조작·불공정거래와의 전쟁…특별단속반 투입",0
2023-05-30 19:22,15분만에 신용대출 대환 OK…대출 갈아타기 '시동',
2023-05-30 17:19,"尹, 종교지도자들과 오찬 간담회…'글로벌 외교·교육개혁' 강조",
2023-05-30 10:42,"제주개발공사 ""삼다수 출시 25년 누적 매출 3조 5천억""",
2023-05-29 22:17,"""이제 집에 간다""…발묶인 괌 관광객들 일주일만 귀국길 엑소더스(종합)",
2023-05-30 15:33,국민연금 올 1분기 수익률 6.35%…작년 손실 상당 부분 만회,1
2023-05-30 16:51,계약서 쓰고보니 집주인이 ‘악성임대인’?… 안심전세앱 2.0 이런 일 막는다,
2023-05-30 11:47,北 동창리 발사장 발사대에 이동식조립건물 밀착…막판 준비동향 관측,
2023-05-30 9:46,"""31일 대환대출 인프라 시작""…KB카드, 이지대환대출 출시",
2023-05-30 9:25,"사람이 떠 있다'…평화의댐 실종 60대 남성, 숨진 채 발견",
2023-05-30 10:04,"경북교육청, 교육공무직원 479명 공개 채용",
2023.05.30. 오후 2:37,"
			배우 최연청, 갑상선암 회복 후 결혼 발표…상대는 판사
		",
2023-05-30 16:00,`전세사기 예방앱` 전국 시세도 볼 수 있다,
2023-05-30 15:00,‘안심전세앱 2.0’ 출시…전국 빌라·오피스텔까지 넓히고 집주인 정보 제공,
2023-05-30 13:42,"세종시, 일사천리 투자지원단 발족…""기업 투자, 밀착지원""",
2023-05-30 14:21,"알라딘 전자책 100만권 해킹…""출판산업 근간 흔들 사건""",0
2023-05-30 14:32,"보조사업 연장평가, 역대 최고 수준 63.3% 구조조정",
2023-05-30 12:11,[콘텐츠 핫&amp;뉴] ‘소울타이드’ 새로운 보상의 시즌패스 업데이트,
2023-05-30 16:58,"국민의힘 장제원, 국회 과방위원장으로 선출",
2023-05-30 12:18,10명 중 4명 '스마트폰 과의존'…청소년 정신건강 '빨간불',0
2023-05-30 17:47,"광주시, '3대 사망사고 제로화' 운동본부 출범",
2023-05-30 15:40,"""국내 첫 영리병원 제주녹지병원 2차 개설허가 취소 적법""",
2023-05-30 15:01,안심전세앱 2.0 출시…전국 아파트·오피스텔 시세 제공,
2023-05-30 7:51,60원 커피 · 350원 도시락…편의점 '가격 파괴' 경쟁,
2023-05-30 14:02,"""금성사 창업 정신 계승""…LG전자, 사내벤처 육성 시동",
2023-05-30 9:21,에어부산 드림 캠퍼스' 항공인 꿈 키운다,
2023-05-30 9:55,"누리호 성공 기여' KAI, 우주산업화 주도 '속도'",1
2023-05-30 12:09,고액 수임료 의혹' 민주당 양부남 법률위원장 구속 기로,
2023-05-30 14:43,신용대출 갈아타기 쉬워진다‥'원스톱 대환대출 서비스' 내일부터 시작,
2023-05-30 14:33,"여수시, '여름철 폭염' 대비 무더위 쉼터 지정 운영",
2023.05.30. 오후 1:52,"
			레이디 제인이 밝힌 10세 연하 남친과의 결혼 스토리
		",
2023-05-30 9:48,"KB카드, 대환대출 전용상품 출시…최대한도 5천만원",
2023-05-30 15:02,‘집주인 세금 체납도 확인’ 안심전세 앱 2.0 출시,
2023-05-30 14:38,3월 말 은행 부실채권비율 0.41%…2분기 연속 상승세,
2023.05.30. 오전 9:07,"
			이대호, 역대급 빌런이었나…유재석 훼방
		",
2023-05-30 14:28,"5·18기록관, 5·18 43주년 기념 학술대회 개최",
2023-05-30 16:52,31일부터 스마트폰으로 '신용대출 갈아타기' 가능,
2023-05-30 14:39,"괴산군, 공영주차장 무료 주차 확대 운영",
2023-05-30 15:37,"당뇨환자, 600만 명 넘어…예상보다 30년 빠르다",
2023-05-30 15:54,예향의 도시' 강릉에 한복문화 창작소 조성한다,
2023-05-30 10:46,"윤재옥 ""野 간호법 강행, 내년 총선 표 계산 때문""",
2023-05-30 11:25,"라캐머러 ""화살 여러 겹은 잘 부러지지 않아""…한미일 협력 강조",
2023-05-30 16:39,광주문예회관→광주예술의전당 변경…6월부터 새롭게 발돋움한다,
2023-05-30 15:15,"울산항 계류 중인 화물선 화재…""인명피해 없어""",
2023-05-30 17:56,"폭염 심상치 않네' 영동군, 9월까지 폭염대책기간 운영",
2023-05-30 11:41,"문경시, 신기제2일반산업단지 투자양해각서",
2023-05-30 10:28,"포스코퓨처엠·GM 합작 '얼티엄캠', 캐나다 대규모 투자 확보",
2023-05-30 8:46,부산서 전국 최초 장애인 전용 시티투어버스 달린다,
2023-05-30 9:14,"국내 주요기업 여성 임원 7% 육박…""사내이사는 여전히 제자리""",
2023-05-30 14:45,기울어진 가림막 '아찔'…건물 철거 중 사고 발생해 1명 경상,
2023-05-30 17:25,"유진그룹, 인플루언서 작가와 손잡고 MZ세대 디지털 소통 강화",
2023-05-30 16:22,"공정위, MS의 블리자드 인수 승인…'경쟁제한성 없어'",
2023-05-30 9:55,"홈플러스, 온오프라인 통합 무료 멤버십 '홈플 ONE 등급제' 출범",
2023-05-30 11:38,국민연금공단 복지이사에 이여규 서초지사장 임명,
2023-05-30 14:51,"홍준표 ""노태악, 고향 후배인데…깔끔하게 사퇴하시라""",
2023-05-30 12:00,스마트폰으로 15분이면 'OK'…내일부터 대출갈아타기 쉬워진다,
