date,title,self_label
2023-05-30 9:00,"삼성전자, 갤럭시·노트북·TV서 '자가 수리' 국내 도입",1
2023-05-30 10:43,"삼성전자 갤럭시, 이제 내손으로 고친다",1
2023-05-30 11:09,"[특징주] 삼성전자·SK하이닉스, 52주 신고가 기록",1
2023-05-30 14:01,"""청년에 일경험""…SK하이닉스·삼성전자 등 2100명 모집",1
2023-05-30 11:21,작년 주주 배당액 1위는 삼성전자…총 배당금은 6.7%↓,0
2023-05-30 9:29,갤S22·갤북 스스로 고친다…삼성전자 ‘자가 수리’ 국내 도입,1
2023-05-30 9:26,"""이번엔 중동""…삼성전자, 두바이 리조트서 2023년형 TV 공개",1
2023-05-30 11:06,"삼성전자, 두바이서 2023년형 네오QLED 신제품 선봬",1
2023-05-30 11:06,"""이제 집에서 고치세요""...삼성전자, '자가 수리' 국내 도입",1
2023-05-30 18:00,"""머스크 불만 터트릴 지경인데""…삼성전자·하이닉스 웃는 이유",1
2023-05-30 18:11,"삼성전자 신고가 행진…""8만전자 간다""",1
2023-05-30 9:14,"""삼성전자, 책임경영 필요성↑…이재용 등기이사 복귀 가능성""",1
2023-05-30 16:48,"삼성전자, 외국인 폭풍매수에 '7만전자 굳히기'",1
2023-05-30 9:11,"삼성전자, 7.1만원 진입…반도체株 훈풍 지속[특징주]",1
2023-05-30 9:13,"""삼성전자가 또?""...신제품에 적용한 '첨단 기술'은?",1
2023-05-30 10:01,[특징주] 날개 단 삼성전자?SK하이닉스…또 52주 최고가 경신,1
2023-05-29 21:11,돈다발 들고 달려온 외국인들…“삼성전자 사고 싶습니다”,1
2023-05-30 12:02,"신고가 행진 삼성전자·SK하이닉스…""반도체 질주는 계속된다""",1
2023-05-30 18:17,"반갑다, 삼성전자'…반도체주 랠리에 1년만에 7만2000원선 회복",1
2023-05-30 11:35,삼성전자 '보행 보조 로봇' 특허 또 추가…'봇핏' 출시 임박?,1
2023-05-30 10:17,"[증시신상품] 한화투자증권, '한화 델타랩 삼성전자우' 출시",1
2023-05-30 9:48,삼성전자·SK하이닉스 연고점…반도체주 랠리 이어질까,1
2023-05-30 9:04,삼성전자 vs TSMC…'AI 붐' 반도체 수혜주는 어디?,1
2023-05-30 15:53,"코스피, 1년 만에 2580선…'파죽지세' 삼성전자 7.2만대",1
2023-05-30 9:27,반도체株 상승 랠리…삼성전자·SK하이닉스 신고가 행진,1
2023-05-30 10:34,"[STOCK] ""땡큐 엔비디아"" 삼성전자·SK하이닉스, 나란히 신고가",1
2023-05-30 0:01,"동학 개미들, '9만전자' 바라보는 삼성전자 파는 까닭은?",1
2023-05-30 11:01,삼성전자 '8만전자'가 코앞?...52주 신고가 경신,1
2023-05-30 17:14,코스피 1% 넘게 오르며 ‘연중 최고치’···삼성전자·SK하이닉스·LG전자 일제히 ‘신고가’,1
2023-05-30 16:33,"""얼마만의 '양전'인지 눈물이…"" 삼성전자, 연일 신고가 행진(종합)",1
2023-05-30 9:29,"삼성전자, 52주 신고가 경신…반도체주 상승에 7만원대 안착[특징주]",1
2023-05-30 10:40,"삼성전자, ‘9만전자’ 가나...연휴 후에도 상승세, 52주 신고가",1
2023-05-30 17:03,‘7만전자’ 안착에 삼성그룹·반도체 ETF ‘훈풍’ [투자360],1
2023-05-30 9:36,"“삼전 효과 누리자” 한화투자증권, ‘한화 델타랩 삼성전자우’ 출시",1
2023-05-30 8:45,"삼성전자, 2023년형 TV 신제품으로 중동 소비자 공략",1
2023-05-30 8:45,"삼성전자, 2023년형 TV 신제품으로 중동 소비자 공략",1
2023-05-29 22:14,“삼성전자 또 외계인 납치했나”...이번엔 ‘바람과 빛’ 첨단기술,1
2023-05-30 9:37,"""AI 반도체 수요 늘어난다""…삼성전자·SK하이닉스 신고가 경신",1
2023-05-30 9:14,"[특징주] 삼성전자·SK하이닉스, 미국발 훈풍에 나란히 '신고가'",1
2023-05-30 9:22,"삼성전자, 두바이 리조트서 2023년형 TV 공개",1
2023-05-29 20:01,"[DD 주간브리핑] 삼성전자·SK하이닉스 '활짝'… 반도체 강세, 이번주에도 이어질까",1
2023-05-30 9:39,코스피·코스닥 상승 출발…삼성전자 1.85% ↑,1
2023-05-30 11:38,삼성전자·SK하이닉스 '훈풍'…日 증시 주춤,1
2023-05-30 16:51,"삼성전자·SK하이닉스, ‘글로벌 AI 반도체 90% 점유’ 덕에 주가 ‘쭉쭉’…다음 체크포인트는? [투자360]",1
2023-05-30 11:43,"제일건설㈜, 삼성전자 평택캠퍼스 직주근접 `지제역 반도체밸리 제일풍경채 2BL` 분양예정",1
2023-05-30 14:47,"삼성전자, 2023년형 TV 신제품으로 중동 시장 공략 강화",1
2023-05-30 15:34,"[특징주] 삼성전자·SK하이닉스, 미국발 훈풍에 나란히 '신고가'(종합)",1
2023-05-30 9:42,"삼성전자, 중동서 프리미엄TV 라인업 공개…현지 공략",1
2023-05-30 10:01,"삼성전자, 갤럭시 ‘자가 수리 프로그램’ 국내 도입 … 사용자 선택권 확대",1
2023-05-30 14:23,삼성전자·SK하이닉스 또 희소식…엔비디아 재고 4년새 감소 [김익환의 컴퍼니워치],1
2023-05-30 14:23,"한화투자증권, 랩어카운트 '델타랩 삼성전자우' 출시",1
2023-05-30 9:21,"삼성전자, 중동서 프리미엄 TV 공개… 현지 콘텐츠 협업도 강화",1
2023-05-30 16:08,"[시황] 코스피, 외인 '사자'에 연중 최고점…삼성전자 7.2만 원 돌파?",1
2023-05-30 6:01,[하루만보 하루천자]삼성전자가 요즘 꿀잠에 빠진 이유,1
2023-05-30 9:16,삼성전자 52주 신고가 갈아치웠다…반도체株 불뿜으며 상승,1
2023-05-30 15:56,"""베트남, 삼성전자 등 외국기업에 보조금 지급 고심""",1
2023-05-30 9:22,"삼성전자, 두바이서 2023년형 TV 공개",1
2023-05-30 16:02,"삼성전자 2.84% 오른 7만2300원…코스피, 외인 '사자'에 2580선 마감",1
2023-05-30 8:45,"삼성전자, 2023년형 TV 신제품으로 중동 소비자 공략",1
2023-05-30 15:52,"[데이터로 보는 증시]LG전자·삼성전자, 기관·외국인 코스피 순매수 1위(5월 30일-최종치)",1
2023-05-30 8:45,"삼성전자, 2023년형 TV 신제품으로 중동 소비자 공략",1
2023-05-30 10:37,"시노펙스, 삼성전자 베트남 품질혁신 최우수상 수상",1
2023-05-30 13:44,상장사 2년째 배당 줄어...삼성전자 '배당 1위' [권영훈의 증시뉴스 PICK],1
2023-05-30 9:50,[특징주] 삼성전자·SK하이닉스…장초반 급등세,1
2023-05-30 11:52,"삼성전자, 프리미엄TV로 중동 공략",1
2023-05-30 18:37,[경제합시다] 연일 뛰는 삼성전자 주가…미국 ‘이 기업’ 열풍 때문?,1
2023-05-30 9:22,"삼성전자, TV 신제품으로 중동 소비자 눈길 사로잡는다",1
2023-05-30 10:07,"한화투자증권, 랩어카운트 '델타랩 삼성전자우' 출시",1
2023-05-30 14:44,삼성전자 주식으로 500억 교환사채 발행한 세종텔레콤?,1
2023-05-30 10:02,"한화투자증권, '한화 델타랩 삼성전자우' 출시",1
2023-05-30 9:37,한화투자증권 ‘한화 델타랩 삼성전자우’ 출시,1
2023-05-30 9:42,"한화투자증권, '한화 델타랩 삼성전자우' 출시",1
2023-05-30 10:14,"한화투자증권, 랩어카운트 서비스'한화 델타랩 삼성전자우' 출시",1
2023-05-30 9:01,"""이제 직접 고친다""…삼성, 갤럭시 '자가 수리' 국내 도입",1
2023-05-30 10:36,"삼성 갤럭시폰 ‘깨진 화면’, 직접 갈아끼울 수 있다",1
2023-05-30 9:02,"""똥손도 가능한가요?""…삼성 갤럭시 '자가 수리 프로그램' 도입 [영상]",1
2023-05-30 17:07,"초격차 기술로 불황 넘자'…삼성·SK, 차세대 D램 잇달아 양산",1
2023-05-30 14:30,삼성 갤럭시폰 소비자가 직접 고칠 수 있다…'자가 키트 도입',1
2023-05-30 18:23,"""불황에도 초격차 유지""…삼성·SK, DDR5에 힘 싣는다",1
2023-05-30 9:04,"SKT, 전용 양자보안 폰 '갤럭시퀀텀4' 출시…""방수방진·손떨방 지원""",1
2023-05-30 16:35,삼전·하이닉스 또 연고점…외국인 6000억 사들였다(종합),1
2023-05-30 9:01,"고장난 갤럭시폰, 내가 고친다…삼성 '자가 수리' 국내 도입",1
2023-05-30 11:00,"미국 vs 중국, 다가오는 ‘선택의 시간’ [특파원 리포트]",1
2023-05-30 9:01,앞으로 갤럭시폰 ‘직접 수리’ 가능해진다(영상),1
2023-05-30 16:13,갤럭시폰 ‘셀프 수리’ 이제 한국서도 가능 [오늘 이슈],1
2023-05-30 15:57,삼성 이어 SK도 '초격차' D램 장착…불황 넘어 'AI 시장' 정조준,1
2023-05-30 6:07,"반도체 훈풍 언제까지?…증권가 ""三電·하이닉스 더 오른다""",1
2023-05-30 17:01,근로복지공단 이사장에 ‘삼성 출신’…반도체 노동자 단체 비판,0
2023-05-30 10:33,"[초점] ""中·러시아 설움 푼다""…삼성·LG, 중동 '오일머니' 공략 본격화",1
2023-05-30 9:30,갤럭시폰 국내도 ‘셀프수리’ 가능...“애초 수리 쉽게 만들어야”,1
2023-05-30 14:01,삼성 스마트폰·노트북·TV 소비자가 직접 수리한다,1
2023-05-30 15:30,제네시스에 삼성 OLED '미래차 동맹',1
2023-05-30 8:36,"""갤럭시 스마트폰·노트북 직접 고쳐보세요"" 삼성, 자가 수리 국내 도입",1
2023-05-30 9:01,국내서도 갤럭시 폰·노트북 '셀프 수리' 가능해진다,1
2023-05-30 15:59,"삼전·하이닉스 ""나를 따르라""…LG전자 '신고가'",1
2023-05-30 9:07,"""갤럭시폰 고객이 부품사서 직접 고친다""...삼성 '셀프 수리' 국내 도입",1
2023-05-30 9:18,"코스피, 장중 연고점…삼전·하이닉스 또 신고가",1
2023-05-30 17:18,생성형AI 열풍 타고…차세대 D램 '진검승부',1
2023-05-30 9:49,"SKT-삼성, 양자보안 스마트폰 '갤럭시 퀀텀 4' 출시",1
2023-05-30 5:59,삼성 vs LG 불꽃 튄다는데…“안방 소비자를 품어라”,1
2023-05-30 9:02,삼성 갤럭시 '자가 수리 프로그램' 국내에 도입,1
2023-05-30 16:45,"""이젠 갤럭시폰 직접 수리하세요""",1
2023-05-30 18:10,부산 리노공업 배당 ‘코스닥 1위’…작년 455억 풀었다,1
2023-05-30 9:53,"SKT, 양자보안폰 '갤럭시퀀텀4' 출시…디자인·성능 개선",1
2023-05-30 14:48,스마트워치 2위 자리 내준 삼성...갤워치6로 만회 나선다,0
2023-05-30 13:25,삼성·SK 마냥 웃을 수 없다 [뉴스'까'페],0
2023-05-30 9:22,부담 덜어낸 국내 증시…삼전·하이닉스 '반도체주' 날았다,1
2023-05-30 10:11,"SK텔레콤, 양자보안 5G 삼성폰 ‘갤럭시 퀀텀4′ 출시",1
2023-05-30 17:19,하루에 6700억원 폭풍매수…외국인들 쏠린 종목은,1
2023-05-30 10:49,“SK하이닉스 상승세 시작에 불과?” 세계서 가장 빠른 ‘신무기’ 예고에 시선 집중 [비즈360],1
2023-05-30 10:26,"""중동 소비자 잡아라"" 두바이에 뜬 삼성 TV",1
2023-05-30 15:35,"스마트폰 직접 수리할 ‘권리’…삼성, 액정 등 부품 판매",1
2023-05-30 17:51,“5초에 1대씩 팔린다” 삼성 2위→3위로 밀어낸 회사 정체,1
2023-05-30 11:20,"상장사 배당금, 2년 연속 감소 28조5282억원…증시 부진 여파",0
2023-05-30 13:26,"SKT, 양자보안 폰 '갤럭시 퀀텀4' 출시",1
2023-05-30 12:02,"""5G 강국, 6G로 잇는다""…6G포럼 출범",1
2023-05-30 9:14,국제광고제 휩쓴 제일기획…북미·유럽서 본상 14개 수상,1
2023-05-30 18:34,비상경영 나몰라라…노조의 '역대급 청구서',0
2023-05-30 11:07,"“화면 깨진 갤S22, 이제 직접 고치세요”",1
2023-05-30 10:19,작년 상장사 배당금 28.5조…전년比 6.7% 줄어,0
2023-05-30 17:12,갤럭시폰·노트북·TV '셀프수리' 길 열렸다,1
2023-05-30 9:33,"SK텔레콤, 양자보안 5G폰 삼성 ‘갤럭시 퀀텀 4’ 출시",1
2023-05-30 16:07,[시황종합]외인 '사자'에 코스피 연고점 경신…삼전·하이닉스 강세,1
2023-05-30 15:09,"SKT, 양자보안 '갤럭시 퀀텀4'...인증정보, 외장메모리 암호화",1
2023-05-30 6:15,"""초연결이 알아서 딱""…가전의 진화, 생활이 달라진다 [미래on]",1
2023-05-30 9:40,"제일기획, 해외 광고제서 잇단 수상",1
2023-05-30 10:37,작년 상장사 배당금 6.7% 줄었다…28조 5천억 지급,0
2023-05-30 17:20,"적자나도, 최대 실적 거둬도' 역대급 청구서 내미는 노조",0
2023-05-29 22:44,10년 전 중국 점유율 20%→1% '추락'…늪에 빠진 삼성폰,0
2023-05-30 9:37,미국발 훈풍… ‘7만전자’ ‘11만닉스’ 52주 신고가 경신,1
2023-05-30 16:07,"코스피, 미 부채한도 협상 타결·반도체 강세에 연중 최고치(종합)",1
2023-05-30 16:02,산·학·연 모여 기술 융합… 한국도 6G 주도권 전쟁 참전,1
2023-05-30 11:07,"양자기술로 보안 강화, SKT ‘갤럭시 퀀텀4’ 출시",1
2023-05-30 8:49,"진화한 양자 보안기술…SKT, 60만원대 `갤럭시 퀀텀4` 출시",1
2023-05-30 9:24,이제 집에서 직접 고친다…갤럭시 '자가 수리' 국내 도입,1
2023-05-30 16:46,2600선 바라보는 코스피…반도체주 강세 '지속',1
2023-05-30 4:27,"""삼성보다 TSMC…AI 열풍 속 수익·경영 모두 유리""",0
2023-05-30 9:58,"SK하이닉스, '10나노급 5세대 서버용 DDR5' 개발..인텔과 검증",1
2023-05-30 6:35,"[컴퓨텍스 2023] 차세대 인텔 코어 프로세서, AI로 효율성 ↑",1
2023-05-30 11:17,"SK하이닉스, AI 서버시장 주도권 잡는다",1
2023-05-30 11:17,작년 상장사 배당금 또 줄었다…28.5조원 지급,0
2023-05-30 7:19,불매운동'에 역풍...유명무실해지는 삼성 노조 [기자수첩-산업IT],0
2023-05-30 5:05,엔비디아 ‘1조 달러 클럽’ 눈앞… 삼성·SK에도 훈풍,1
2023-05-30 7:49,"‘8만전자’ 도전, 오늘부터 1일?…새 슈퍼컴퓨터 타고 비상한 ‘킹비디아’ 덕에 삼전도 웃나 [투자360]",1
2023-06-06 10:13,"""카카오, 왜 이제야""…3주간 200만명 폭발적 반응",1
2023-06-05 11:53,"""이러다 1위 내줄 판""…'절대 강자' 카카오톡의 위기",0
2023-06-05 16:58,"네이버·카카오 ""종이→전자문서로 디지털 친환경 앞장서""(종합)",1
2023-06-05 9:38,"카카오, 세계 환경의 날에 '이용자 환경 기여' 지표 공개",1
2023-06-05 14:49,카카오게임즈 '아레스 : 라이즈 오브 가디언즈' 사전등록 인원 100만 명 넘어,1
2023-06-05 9:43,"카카오페이, '바로 발급되는 카드 보기' 서비스 출시",1
2023-06-06 4:04,"카카오, 환경의날 맞아 ‘카카오 카본 인덱스’ 수치 공개",1
2023-06-05 3:21,[朝鮮칼럼] 문제는 뉴스제평위가 아니라 네이버·카카오다,0
2023-06-06 10:47,"카카오게임즈 '우마무스메 프리티 더비', 1주년 기념 대규모 이벤트",1
2023-06-06 14:03,절대강자는 옛말?…구글 맹추격에 카카오톡·네이버 입지 흔들,0
2023-06-05 14:32,"제주개발공사, 환경의 날 맞아 카카오와 해양 정화 활동 전개",1
2023-06-05 14:46,"""나 떨고 있니?"" 카카오톡, 네이버 제친 유튜브에 추월 위기",0
2023-06-05 13:57,"펫타버스, 카카오인베스트먼트 이어 AFWP로부터 후속 투자유치",1
2023-06-05 14:53,"카카오게임즈 ‘우마무스메’, 1주년 맞이 대규모 캠페인 개최",1
2023-06-05 10:13,"카카오톡 추월 위기, 턱밑까지 쫓아온 유튜브",0
2023-06-06 14:45,"제주개발공사·카카오, 해양 정화 활동 '메이크 어스 그린 in 제주' 진행",1
2023-06-01 10:28,"카카오뱅크, '26주 적금 with 카카오웹툰' 출시",1
2023-06-02 10:59,"카카오, 소상공인 위한 '카카오 비즈니스 세미나' 스튜디오 개설",1
2023-06-02 13:54,카뱅 '카카오웹툰 26주 적금' 출시 하루 만에 10만좌 돌파,1
2023-06-02 9:37,"카카오, 소상공인 위한 교육 프로그램 제작 공간 열어",1
2023-06-05 16:09,"밥값'하는 카카오페이… ""마이데이터 정보 제공,  금융이력부족자들 신용카드 발급률 20%↑""",1
2023-06-02 14:24,"카카오뱅크 '26주적금 with 카카오웹툰', 하루만에 10만좌",1
2023-06-01 10:41,카카오뱅크 26주 적금 넣고 카카오웹툰 캐시 혜택까지,1
2023-06-02 12:18,"카카오 `비즈니스 스튜디오` ""소상공인들에 노하우 전달""",1
2023-06-01 13:37,"카카오엔터, 카카오뱅크와 ‘26주적금 with 카카오웹툰’ 출시",1
2023-06-01 9:14,"카카오, 네번째 사내어린이집 '별이든' 개원…아이 907명 돌본다",1
2023-06-01 10:36,"카카오, 4번째 사내 어린이집 '별이든' 개원",1
2023-06-02 10:37,"[게시판] 카카오, 소상공인 교육 프로그램 제작 공간 마련",1
2023-06-01 9:26,"카카오, 4번째 어린이집 개소…업계 최대 규모",1
2023-06-02 20:06,"다이어트 한약, 카카오톡으로 샀다 ‘탈났다’…소비자 피해 증가",0
2023-06-04 6:00,"""중소상공인 매출확대 도와드립니다""...상생나선 네이버-카카오",1
2023-05-31 11:18,"카카오, 지역 창업자·소상공인 디지털 전환 교육 진행",1
2023-06-02 13:47,"카카오 스테이지파이브, ESG 위원회 설립…의장에 민원기 전 차관",1
2023-05-30 15:15,‘먹통’ 겪은 카카오 “인프라 투자 세 배로 늘릴 것”,1
2023-05-30 9:24,"카카오, 2022 ESG 보고서 발간…지배구조 선진화 나선다",1
2023-06-02 6:06,카카오톡서 이것 함부로 사지 마세요,0
2023-06-02 10:10,"카카오, 중소 파트너 위한 ‘카카오비즈니스 스튜디오’ 열어",1
2023-05-31 20:18,네이버·카카오가 ‘전기차 시장’에 주목한 까닭 [이코노Y],1
2023-06-01 9:51,"카카오 VX '프렌즈 스크린', 한국타이어 춘식이컵 개최",1
2023-05-26 10:09,"미국 와튼스쿨, 한국 ICT 생태계 연구 위해 카카오 방문",1
2023-05-30 9:42,"카카오, 2022 ESG 보고서 발간…""지배구조 선진화""",1
2023-06-02 16:22,"카카오뱅크 ‘26주적금 with 카카오웹툰’, 출시 하루만에 10만좌 개설",1
2023-06-02 7:05,"""카카오톡서 다이어트 제품 구매 주의"".. 소비자 피해  잇따라",1
2023-05-31 15:29,"카카오게임즈, SF MMORPG '아레스' 사전등록 시작",1
2023-06-02 14:21,"카카오, 소상공인 세미나 위한 전용 스튜디오 문 연다",1
2023-06-01 9:10,"""약속한 수익 받기""…한국투자증권, 카카오뱅크서 '발행어음' 판다",1
2023-05-29 9:45,"카카오 ""쇼핑하기·쇼핑라이브 베이비위크 프로모션…최대 91% 할인""",1
2023-06-01 9:16,"한국투자증권, 카카오뱅크 발행어음 거래서비스 출시",1
2023-06-02 13:32,"""카드 사용금액 줄이고 리워드 받자""…카카오페이, 카드절약 챌린지",1
2023-06-05 9:17,"카카오페이, 바로 발급되는 카드 보기 서비스 출시",1
2023-06-05 14:31,"제주개발공사, ‘환경의 날’ 맞아 카카오와 해양 정화 활동",1
2023-06-05 4:49,핫한 주제로 대화하고 실검 역할도?…카카오 '오픈채팅 lite' 본격 가동,1
2023-06-01 9:26,"""아이 생각하면 이직 못한다""…카카오 어린이집 어떻길래",1
2023-06-05 17:39,"중국 알리바바는 빼고, 토종 네이버 카카오만?..공정위 역차별 규제 논란",0
2023-06-05 14:25,"제주개발공사, 환경의 날 맞아 카카오와 해양 정화 봉사",1
2023-06-05 18:24,카카오페이 '바로 발급되는 카드 보기' 서비스,1
2023-05-30 9:52,"카카오, 세 번째 ESG보고서…'서비스 장애' 대응 소개",1
2023-06-02 11:41,"카카오뱅크, 카카오웹툰 26주 적금 10만좌 돌파",1
2023-06-01 9:25,"카카오, 4번째 어린이집 ‘별이든’ 개소",1
2023-06-06 11:16,"매일유업, 환경의 날 맞아 카카오메이커스와 ‘멸균팩 새가버치 프로젝트’ 열어",1
2023-06-02 6:00,카카오톡 등서 다이어트 보조제 판매 '사기주의보',0
2023-06-01 13:50,"카카오엔터-카카오뱅크, '26주 적금 위드 카카오웹툰' 출시",1
2023-06-01 10:05,"[게시판] 카카오, 4번째 어린이집 '별이든' 개소",1
2023-06-05 11:08,"""내 신용카드 발급가능 여부·한도가 궁금해?...카카오페이 '바로 발급되는 카드 보기' 서비스로 확인 가능!",1
2023-06-05 11:03,"카카오게임즈, 독창적 게임 '아레스' 사전등록 100만 넘었다",1
2023-06-01 10:01,"카카오, 판교에 네번째 어린이집 개소…업계 최대 규모",1
2023-06-05 11:06,"카카오게임즈, '아레스:라이즈 오브 가디언즈' 사전등록 100만 돌파",1
2023-06-03 3:07,규제 속 혁신?… 택시호출 95% 독점한 카카오 적자 수렁,0
2023-06-01 10:35,"카카오, 4번째 어린이집 ‘별이든’ 개소",1
2023-06-02 10:56,"카카오, 소상공인 교육 프로그램 제작 공간 마련",1
2023-06-02 10:33,"카카오, ‘카카오비즈니스 세미나’ 제작 스튜디오 개설",1
2023-06-02 14:32,"카카오, 소상공인 파트너 대상 ‘교육 콘텐츠’ 질 높인다",1
2023-06-03 14:39,카카오 '투데이 버블'이 '실시간 검색'과 다른 점,1
2023-05-31 14:45,"카카오, 지역 소상공인 대상 교육 프로그램 참가자 모집",1
2023-06-05 11:33,카카오게임즈 '아레스: 라이즈 오브 가디언즈' 사전등록 100만 돌파,1
2023-05-30 14:16,"카카오, '먹통 사태' 대응 담은 ESG 보고서 발간",1
2023-06-02 9:48,"카카오, 중소 비즈니스 파트너 위한 ‘비즈니스 스튜디오’ 오픈",1
2023-06-01 9:40,"카카오, 네번째 어린이집 ‘별이든’ 개원",1
2023-06-01 10:27,"카카오뱅크, '26주적금 with 카카오웹툰' 출시…""저축하며 웹툰 본다""",1
2023-06-02 11:48,휴가철 앞두고 다이어트 식품 피해 증가…카카오톡 통한 사기 조심하세요,0
2023-06-02 9:45,"카카오, 소상공인 사업 교육 세미나 제작 스튜디오 개설",1
2023-05-30 10:03,"카카오페이증권, 美주식 협의수수료·환율 우대",1
2023-06-02 13:45,카뱅 '26주적금 with 카카오웹툰' 하루 만에 10만좌 돌파,1
2023-05-31 10:23,"카카오, 소상공인 디지털 비즈니스 교육 프로그램",1
2023-06-01 17:12,"""웹툰 감상과 저축 즐거움 동시에"" 카카오웹툰X뱅크 적금 론칭",1
2023-06-01 11:12,"""적금들면 웹툰 캐시 지급""…카카오엔터 결합상품 출시",1
2023-06-01 18:02,네이버·카카오 인물정보에 '장례지도사' 등 5개 직업 추가,1
2023-06-02 11:41,하루 만에 10만좌 돌파…카뱅 '26주적금 with 카카오웹툰' 인기,1
2023-06-02 6:34,카카오톡 등에서 판매하는 다이어트 보조제 ‘사기주의보’,0
2023-06-01 10:24,카카오뱅크 '26주적금 with 카카오웹툰' 출시,1
2023-06-01 10:05,"""카카오 직원들은 좋겠네"" 사내 어린이집만 4개 'IT업계 최대'",1
2023-06-01 16:45,"""혐오표현, 멈춰!"" 네이버·카카오 기준 구체화한다",0
2023-06-01 9:46,"카카오, 판교에 4번째 사내어린이집 문열어",1
2023-06-01 11:06,"카카오게임즈, 오딘 일본-아레스 출시로 다시 뛴다",1
2023-06-02 14:54,“카카오톡에서 파는 다이어트 한약 구매 주의하세요”,0
2023-06-05 10:48,카카오페이 '바로 발급되는 카드 보기' 서비스,1
2023-06-01 9:10,"카카오뱅크, 한국투자증권 발행어음 투자 출시",1
2023-05-31 10:05,"안 찾아간 공탁금, 6월부터 '카카오 알림톡'으로 발송",1
2023-05-30 9:38,"카카오, 세 번째 'ESG 보고서' 발행",1
2023-06-02 9:17,"카카오, 중소 비즈니스 파트너 위한 ‘카카오비즈니스 스튜디오’ 오픈",1
2023-06-01 9:00,"카카오뱅크, 한국투자증권과 '약속한 수익 받기' 서비스 출시",1
2023-05-31 10:17,“안 찾아간 공탁금 찾아가세요” 카카오톡 알림 온다,1
2023-05-31 10:26,"카카오, ‘2023 카카오 클래스’ 입문과정 참가자 모집",1
2023-06-04 14:52,"“아이유 있는데, 어떻게 이런일이?” 충격의 적자 사태…늪에 빠진 카카오엔터",0
2023-05-30 10:00,"카카오, ESG 보고서 ‘2022 약속과 책임’ 발간",1
2023-06-02 13:52,카카오뱅크 '26주적금 with 카카오웹툰' 출시 하루만에 10만좌 돌파,1
2023-05-31 17:27,"카카오게임즈 아레스, 사전등록 페이지 오픈",1
2023-05-30 11:01,카카오페이 “대출갈아타기 사전신청자 70% 1금융권 고객”,1
2023-06-02 13:32,"카카오뱅크, ‘26주 적금 with 카카오웹툰’ 출시 하루만에 10만좌 개설",1
2023-06-02 6:42,"""손으로 그린 웹툰만 볼래요""…네이버-카카오웹툰, AI 반감에 당혹",0
2023-06-02 9:51,"카카오, 중소 파트너 위한 콘텐츠 제작하는 ‘카카오비즈니스 스튜디오’ 오픈",1
2023-05-30 17:19,"카카오, ESG 성과 공개…키워드는 기후·윤리·상생",1
2023-05-31 11:56,"카카오엔터, 지난달부터 웹툰작가에 하단 광고수익 배분",0
2023-06-01 16:52,"카카오게임즈, ‘오딘' 일본 사전 등록자 100만명 돌파",1
2023-05-31 11:19,"""공탁금 찾아가세요""…카카오톡으로 알려준다",1
2023-06-01 8:17,"한국투자증권, 카카오뱅크 발행어음 거래서비스 출시",1
2023-06-01 16:42,카카오 대리 유료 멤버십 '프로' 서비스 6월말 종료,0
2023-05-30 10:03,"카카오, ESG 보고서 '카카오의 약속과 책임' 발간",1
2023-06-03 11:04,"카카오, ESG보고서에 데이터센터 화재 대응 담아",1
2023-06-05 7:01,[7NEWS] ‘저질 뉴스’ 범람 조장하는 네이버와 카카오,0
2023-06-03 13:32,"""AI 그림 싫어요"" 반발에‥네이버·카카오는 고심 중",0
2023-06-01 9:41,카카오뱅크 앱에서 4.35% 한투 발행어음 투자 가능해진다,1
2023-06-01 11:14,"AI 웹툰 논란에 네이버·카카오 ""인간 작품만 받는다""",0
2023-05-30 10:36,"카카오모빌리티, OECD 산하 국제교통포럼 참여",1
2023-06-01 18:44,"카카오뱅크, ‘26주적금 with 카카오웹툰’ 출시…“저축하며 웹툰 본다”",1
2023-05-31 11:07,"카카오뱅크, 청소년 전용 '올리브영과 26일저금' 출시",1
2023-05-30 10:51,"카카오, ESG 보고서 `2022 약속과 책임` 발간",1
2023-06-01 18:30,"“워킹맘·대디에 진심”...카카오, 네 번째 어린이집 ‘별이든’ 개소",1
2023-05-31 14:36,카카오페이 '대출 갈아타기' 서비스 개시…24개 금융사 제휴 확정,1
2023-05-30 3:02,"카카오, 문어발식 확장 멈춘다더니… 계열사 더 늘었다",0
2023-05-30 10:42,"패션바이카카오, ‘헬로 썸머 위크’ 진행",1
2023-05-30 15:22,"카카오페이, 대환대출 서비스 31일 출시",1
2023-05-31 14:46,"카카오뱅크, 청소년 위한 '올리브영과 26일저금' 출시",1
2023-06-01 11:20,"""적금하면 웹툰캐시 증정"" 카카오엔터x카카오뱅크 상품",1
2023-06-01 15:00,"네이버·카카오 인물정보에 ‘장례지도사’, ‘가맹거래사’ 추가",1
2023-05-31 11:13,"카카오메이커스-제주개발공사, 바다 정화 캠페인",1
2023-06-04 12:51,"카카오게임즈, 우마무스메 1주년 오프라인 행사 개최",1
2023-05-24 9:36,"카카오, 'RE100' 가입…""2040년까지 재생에너지 100% 전환""",1
2023-05-30 9:53,"카카오 ""지배구조 개선 추진""…ESG 보고서 '약속과 책임' 발간",1
2023-05-30 11:19,"카카오모빌리티, `ITF 서밋` 참여…글로벌 협력 모색",1
2023-05-31 12:44,"카카오, ‘2023 카카오 클래스-톡스토어 판매자 입문 과정’ 진행",1
2023-06-02 9:20,카카오톡 등서 다이어트 보조제 판매 '사기주의보',0
2023-05-30 10:29,"카카오모빌리티, 'ITF 서밋 2023' 참가…""각국 부처·기업과 협력 논의""",1
2023-05-26 6:31,"뼈 깎는 쇄신, 카카오엔터프라이즈…비상할 수 있을까",1
2023-05-26 18:59,“한국 IT 혁신 궁금해요”…美 와튼스쿨 연구생들이 카카오 찾은 까닭,1
2023-05-31 14:47,"카카오뱅크, 신용대출 갈아타기 서비스 출시…""5분이면 신청""",1
2023-06-01 17:00,"카카오게임즈 ‘오딘’, 日 사전등록 100만 돌파 ‘기대감 UP’",1
2023-06-02 14:32,"""하루만에 10만좌 몰렸다"" 카카오뱅크 '카카오웹툰 26주 적금' 인기",1
2023-06-01 9:41,"한국투자증권, 카카오뱅크 발행어음 거래서비스 출시",1
2023-06-02 7:11,"소비자원 ""카카오톡서 다이어트 보조제 구매 주의""",0
2023-06-03 13:24,“6월 삼성전자·카카오 뜬다”...반도체·인터넷 업종 강세 전망,1
2023-05-31 11:18,"카카오게임즈, ‘아레스 : 라이즈 오브 가디언즈’ 사전등록 시작",1
2023-05-31 7:19,"카카오엔터, 웹툰작가에 하단 광고수익 배분…지난달 첫 지급",1
2023-06-01 8:47,"""카카오뱅크로 발행어음 거래""…한투증권, 카뱅과 서비스 출시",1
2023-06-01 16:42,"카카오게임즈, 일본 ‘오딘’ 사전등록 100만명 돌파",1
2023-06-05 10:50,"SK하이닉스, 딱정벌레 닮은 '53g' 외장형 SSD 출시",1
2023-06-05 10:00,"1GB 파일 1초만에 전송…SK하이닉스, 첫 포터블 SSD 선봬",1
2023-06-05 15:16,"“SK하이닉스, DDR5 수요 증가 덕분에 good~”...신한證 목표가↑ [오늘, 이 종목]",1
2023-06-05 18:33,“근로자에게 불리하지 않다”…SK하이닉스 ‘업적급 리스크’ 덜었다,1
2023-06-05 9:33,"[주가동향] ""SK하이닉스 내년 판매 증가 기대“... 신한투자證, 목표가 ‘↑’",1
2023-06-06 10:53,"SK하이닉스, 소비자용 포터블 SSD 출시",1
2023-06-05 16:57,"[단독]SK하이닉스, 내년 청주에 10층 규모 ‘사무동’ 완공",1
2023-06-05 19:08,"SK하이닉스, 엔비디아發 낙수효과…삼성은 글쎄",1
2023-06-05 10:11,"‘11만닉스’ 된 SK하이닉스, 교환사채 2000만주 증시에 언제 풀릴까",1
2023-06-05 7:55,"SK하이닉스, 메모리 고정가격 상승 중…목표가 21%↑-현대차",1
2023-06-06 4:10,“하이닉스 목표 13만원… 코스피 하반기에 2750″,1
2023-06-06 3:03,"[단신]SK하이닉스, 휴대용 SSD ‘비틀 X31’ 출시",1
2023-06-01 17:39,반도체 불황의 충격파 SK하이닉스 '낸드 부진',0
2023-05-31 10:50,"SK하이닉스, 'SUPEX추구상' 수상…""D램 혁신·소재 국산화 공로""",1
2023-05-31 21:04,"SK하이닉스, SK그룹 ‘수펙스추구상’ 2개 부문 수상",1
2023-05-31 15:26,"SK하이닉스 LPDDR5X 개발팀, ‘SK수펙스 추구상’ 혁신상",1
2023-05-30 6:07,"반도체 훈풍 언제까지?…증권가 ""三電·하이닉스 더 오른다""",1
2023-05-30 18:03,SK하이닉스 서버용 D램 10나노급 인텔서 첫 검증,1
2023-05-31 16:25,"SK하이닉스, 초격차 차세대 D램으로 시장 지배력 확장",1
2023-05-30 11:05,"1초에 영화 10편 처리…SK하이닉스, 인텔서 차세대 D램 검증",1
2023-05-30 16:32,"[기업] '1초에 영화 10편'...SK하이닉스, 가장 빠른 D램 개발",1
2023-05-31 9:13,"SK하이닉스, 2024년 실적 반등에 주목 - SK증권",1
2023-06-05 9:22,코스피 상승 출발…삼전·하이닉스 반도체株 '숨고르기',1
2023-05-30 15:18,3위로 밀린 SK하이닉스 ‘가장 빠른’ D램으로 부활 노린다,1
2023-05-29 14:54,"재고 쌓이고, 판매 부진…SK하이닉스, '위기'",0
2023-06-01 9:42,“엔비디아 약발 벌써 끝?”…삼성전자·SK하이닉스 동반 약세,0
2023-05-31 12:41,"SK하이닉스, 모바일 D램·소재 국산화 성과로 '수펙스 추구상' 수상",1
2023-06-02 10:19,"SK하이닉스, 멀어지는 낸드 2위…솔리다임 발목 [소부장반차장]",0
2023-05-25 10:51,"SK하이닉스 ""CXL, 곧 상용화…서버에 활용""",1
2023-05-30 9:30,"SK하이닉스 10나노급 5세대 DDR5, 세계 최초 데이터센터 호환성 검증 돌입",1
2023-05-30 10:15,"1초에 영화 10편 전송'…SK하이닉스 DDR5, 인텔 호환성 검증 돌입",1
2023-06-02 5:20,"삼성전자·SK하이닉스 실적 2분기 바닥론…""반도체 겨울 끝이 보인다""",0
2023-05-25 16:48,"‘D램 최악 불황’ 1분기…마이크론, SK하이닉스 넘고 2위 등극",1
2023-06-04 9:34,코스피 주간 기관 순매도 1위 'SK하이닉스',0
2023-06-01 9:32,[특징주] 美 반도체주 급락에 삼성전자·SK하이닉스도 주춤,0
2023-06-05 15:47,[2024학년도 대입 전략] 삼성전자 510명·하이닉스 100명 등 총 690명…의·약학 계열 이어 자연계 최상위학과 발돋움,1
2023-05-30 15:59,"삼전·하이닉스 ""나를 따르라""…LG전자 '신고가'",1
2023-05-30 9:48,삼성전자·SK하이닉스 연고점…반도체주 랠리 이어질까,1
2023-05-30 10:34,"[STOCK] ""땡큐 엔비디아"" 삼성전자·SK하이닉스, 나란히 신고가",1
2023-05-30 15:34,"[특징주] 삼성전자·SK하이닉스, 미국발 훈풍에 나란히 '신고가'(종합)",1
2023-05-30 10:01,[특징주] 날개 단 삼성전자?SK하이닉스…또 52주 최고가 경신,1
2023-06-02 18:08,1년만에 2600 탈환한 코스피…삼전·하이닉스가 끌어올렸다,1
2023-05-31 16:38,"北 발사 '시큰둥' 외국인, 삼전·하이닉스 또 샀다…코스피는 ↓",0
2023-05-30 9:18,"코스피, 장중 연고점…삼전·하이닉스 또 신고가",1
2023-05-30 9:30,"SK하이닉스, '5세대 DDR5' 세계 최초 인텔 제공…""현존 최고 속도""",1
2023-05-25 14:05,"SK하이닉스, 美 IT 전시회서 SSD 신제품 소개",1
2023-05-31 11:00,"거침 없는 삼성전자, 나흘 연속 신고가…SK하이닉스는 숨고르기",1
2023-05-26 9:25,엔비디아 폭등에…삼성전자·SK하이닉스 동반 강세,1
2023-05-25 17:39,"中 마이크론 제재, 글로벌 반도체 복마전...삼성전자·SK하이닉스 '불확실성 증폭'",0
2023-05-25 9:34,"SK하이닉스, ‘델 테크놀로지스 월드 2023’서 최신 메모리 제품 전시",1
2023-05-30 18:35,삼전·SK하이닉스 新고가… 더 오르나,1
2023-05-25 18:09,"마이크론, D램 2위 SK하이닉스 역전…2013년 이후 처음",0
2023-05-30 11:05,"""현존 최고 속도""…SK하이닉스 10나노급 5세대 DDR5, 인텔 호환성 검증",1
2023-05-31 6:10,"차세대 기술 선보인' 삼성전자·SK하이닉스, 위기 정면 돌파",1
2023-05-31 4:31,"미중 고래 싸움에 낀 삼성전자·SK하이닉스 ""눈치경영 할 수밖에""",0
2023-06-05 10:35,"SKT 일본법인, SK하이닉스·SK스퀘어와 JV로 전환",1
2023-06-01 17:29,세계 낸드플래시 매출 16% 급감…SK하이닉스 24% 감소,0
2023-06-05 18:05,"SK하이닉스, 청주에 '복합 사무동' 짓는다…""부족 공간 확보 차원""",1
2023-05-30 9:11,"SK하이닉스, 10나노급 5세대 DDR5 데이터센터 호환성 검증 돌입",1
2023-05-31 10:10,"SK하이닉스 임직원, SK그룹 '수펙스추구상' 2개부문 수상",1
2023-05-30 11:09,"[특징주] 삼성전자·SK하이닉스, 52주 신고가 기록",1
2023-05-30 14:01,"""청년에 일경험""…SK하이닉스·삼성전자 등 2100명 모집",1
2023-05-31 10:59,"SK하이닉스, 그룹 최고 권위 '수펙스 추구상' 수상",1
2023-06-01 15:47,반도체 불황 속 ‘낸드 부진’ 시달리는 SK하이닉스,0
2023-05-30 9:42,"SK하이닉스, ""차세대 DDR5, 인텔 인증 받는다""",1
2023-06-01 17:58,"1분기 낸드 매출 16%↓…""SK하이닉스, 점유율 하락에 3위 '위태'""",0
2023-06-02 7:25,"美, 삼성전자·SK하이닉스 '압박'하고 '트집'잡고",0
2023-05-31 5:40,"""반도체의 시간이 왔다""…질주하는 삼성전자·하이닉스",1
2023-06-02 18:30,마이크론·키옥시아에 밀린 SK하이닉스?…'점유율 우려' 기우인 이유,0
2023-05-31 14:19,"SK하이닉스, 그룹 최고 권위 ‘수펙스추구상’서 2개 부문 수상",1
2023-05-30 10:49,“SK하이닉스 상승세 시작에 불과?” 세계서 가장 빠른 ‘신무기’ 예고에 시선 집중 [비즈360],1
2023-06-01 17:12,1분기 낸드 3위 SK하이닉스...2위 키옥시아와 격차 더 벌어져,0
2023-05-30 10:21,"“1초에 5GB 영화 10편 처리”...SK하이닉스, 차세대 D램 인텔 호환 검증",1
2023-05-31 15:01,챗GPT가 앞당긴 '반도체의 시간'…삼성전자?SK하이닉스 기대감↑,1
2023-05-31 13:51,"SK하이닉스, 수펙스추구상 `이노베이션·시너지상`",1
2023-05-31 7:55,"SK하이닉스, 엔비디아 훈풍에 수혜…목표가↑-SK",1
2023-05-30 14:20,"“1초에 영화 10편 처리” SK하이닉스, 인텔과 DDR5 호환성 검증",1
2023-06-02 15:14,"위태로운 2인자' SK하이닉스…""D램도, 낸드도 불황 타격 컸다""",0
2023-05-30 11:17,"SK하이닉스, AI 서버시장 주도권 잡는다",1
2023-05-31 5:05,"SK하이닉스, 기업용 서버로 불황 뚫는다",1
2023-05-26 11:10,"혼돈의 D램 시장…SK하이닉스, 10년만에 2위 내줬다",0
2023-05-30 14:28,SK하이닉스 '현존 최고속 D램' 인텔 납품 위한 검증 절차 돌입,1
2023-05-30 23:20,"3위로 밀린' SK하이닉스, 인텔 손잡고 DDR5 선점 노린다 [소부장반차장]",1
2023-05-30 11:03,"업계 최선단' SK하이닉스 서버D램, 세계 최초 데이터센터 인증 돌입",1
2023-05-31 7:59,"[클릭 e종목]""SK하이닉스, 내년 턴어라운드…목표가 18%↑""",1
2023-05-30 9:35,"SK하이닉스 10나노급 5세대 DDR5, 업계 첫 인텔 호환성검증 돌입",1
2023-05-30 9:47,"""1초에 5GB 영화 10편 처리"" SK하이닉스, 인텔 공급 D램 호환 검증",1
2023-05-30 11:23,"SK하이닉스, 10나노급 5세대 DDR5 검증",1
2023-06-01 14:50,"KAIST, 반도체공학대학원 설립…SK하이닉스와 산학연계",1
2023-06-02 6:10,"뚝뚝 떨어진 D램 가격… 삼성전자·SK하이닉스, 2분기도 어둡다",0
2023-06-02 9:26,"삼성전자·SK하이닉스, 엔비디아 주가 반등 훈풍에 동반 상승",1
2023-05-30 10:18,"삼성전자·SK하이닉스, 반도체 훈풍에 52주 신고가 [특징주]",1
2023-06-01 11:18,[단독] SK하이닉스 주도 용인 클러스터 입주기업 확정 [소부장반차장],1
2023-05-25 17:34,"美 마이크론, SK하이닉스 누르고 세계 D램 시장 2위…삼성은 1위 수성",0
2023-05-30 9:36,"SK하이닉스, 10나노급 5세대 DDR5, 데이터센터 호환성 검증 돌입",1
2023-05-30 12:02,"신고가 행진 삼성전자·SK하이닉스…""반도체 질주는 계속된다""",1
2023-05-31 3:04,"SK하이닉스, ‘최고속도’ 10나노 D램 인텔서 검증",1
2023-06-01 16:08,엇갈린 삼성전자·SK하이닉스…코스피 하락 마감,0
2023-06-02 9:15,"[특징주] 삼성전자·SK하이닉스, 엔비디아 반등에 동반 강세",1
2023-05-31 17:32,"“사랑은 돌아오는 거야”…버렸던 SK하이닉스 다시 담는 외국인, 2차전지는 뒷전 [투자360]",1
2023-05-31 17:02,13만원으로 오른 하이닉스 목표주가…“고대역폭메모리 유일 납품” [투자360],1
2023-05-30 15:37,"SK하이닉스, 10나노급 5세대 D램 개발…인텔 검증",1
2023-05-30 10:06,"삼성전자·SK하이닉스, 미국발 훈풍에 나란히 신고가",1
2023-06-02 9:30,[특징주]삼성전자·SK하이닉스 동반 강세…美 엔비디아 반등 영향,1
2023-05-25 10:44,"""기술에 베팅하라"" SK하이닉스, 5세대 기업용 SSD 공개",1
2023-06-02 6:02,하반기도 5월과 비슷할 듯...증권가 “삼전·하이닉스 빼면 박스피”,1
2023-06-02 12:04,"“7만원, 11만원 넘어도 계속 간다”...삼성전자·SK하이닉스 장 중 강세 [오늘, 이 종목]",1
2023-06-01 11:24,엔비디아발 훈풍 수혜 기대 SK하이닉스 다시 담는 외인,1
2023-05-26 10:41,"""D램 주도 韓 자존심 꺾였다""…SK하이닉스, 美 마이크론에 2위 뺏겨",0
2023-05-30 14:36,"SK하이닉스, 인텔서 '10나노급 5세대 D램' 데이터센터 호환성 검증",1
2023-05-30 9:58,"SK하이닉스, '10나노급 5세대 서버용 DDR5' 개발..인텔과 검증",1
2023-06-02 10:06,삼성전자·SK하이닉스 동반 상승…美 엔비디아 반등 영향,1
2023-05-25 17:34,"D램 격변 … 마이크론, SK하이닉스 제치고 2위로",0
2023-05-25 11:07,"SK하이닉스, 'DTW 2023'서 신기술 공개",1
2023-05-25 10:19,"삼성전자·SK하이닉스, 인건비 부담 2018년 이후 '최대'",0
2023-05-30 9:19,"SK하이닉스 10나노급 5세대 DDR5, 데이터센터 호환성 검증 돌입",1
2023-05-26 16:13,어? 하이닉스가 3등?...글로벌 D램 2위 마이크론에 내줬다,0
2023-05-25 19:13,"SK하이닉스, D램 2위 美마이크론에 내줬다",0
2023-05-25 11:38,"SK하이닉스, 서버 시장 공략 가속도",1
2023-06-02 11:54,"美, 삼성전자·SK하이닉스 압박하더니 이젠 '신뢰' 문제 제기",0
2023-05-29 6:31,[피스앤칩스]9년만에 SK하이닉스 제쳤다는 이 회사…비결은 재고털기?,0
2023-05-25 9:29,"SK하이닉스, 美 '델 테크놀로지스 월드'에서 최신기술 소개",1
2023-05-31 9:54,질주하던 삼전-하이닉스 '숨고르기'…발사체 소동은 영향 無,1
2023-05-30 14:23,삼성전자·SK하이닉스 또 희소식…엔비디아 재고 4년새 감소 [김익환의 컴퍼니워치],1
2023-05-30 11:55,"SK하이닉스 5세대 DDR5, 인텔 호환성 검증 돌입",1
2023-05-25 10:00,"SK하이닉스, 미국 '델 테크놀로지스 월드'에서 최신기술 소개",1
2023-05-30 9:38,파죽지세 반도체株…삼전·하이닉스 연고점 경신,1
2023-05-30 17:14,코스피 1% 넘게 오르며 ‘연중 최고치’···삼성전자·SK하이닉스·LG전자 일제히 ‘신고가’,1
2023-05-30 9:24,"SK하이닉스, 인텔과 '10나노급 5세대 서버용 DDR5' 호환성 검증",1
2023-05-25 18:52,"SK하이닉스, D램 점유율 3위로 밀려",0
2023-05-30 9:50,[특징주] 삼성전자·SK하이닉스…장초반 급등세,1
2023-05-25 10:00,"불황' 전자업계 인건비 부담 경고등…SK하이닉스, 매출 20% 쓴다",0
2023-05-30 16:35,삼전·하이닉스 또 연고점…외국인 6000억 사들였다(종합),1
2023-05-28 15:01,"‘AI 붐’ 엔비디아 깜짝 실적, 삼성전자·SK하이닉스에도 훈풍",1
2023-05-25 9:36,"SK하이닉스, 美 '델 테크놀로지스 월드'서 최신 메모리 제품 소개",1
2023-05-25 16:38,1분기 글로벌 D램 매출 21.2%↓… SK하이닉스 점유율 3위로 하락,0
2023-06-01 9:15,"[특징주] 삼성전자·SK하이닉스, 美 반도체주 약세에 동반 하락",0
2023-06-01 15:59,"[데이터로 보는 증시]포스코퓨처엠·SK하이닉스, 기관·외국인 코스피 순매수 1위(6월 1일-최종치)",1
2023-05-30 9:37,"""AI 반도체 수요 늘어난다""…삼성전자·SK하이닉스 신고가 경신",1
2023-05-25 13:23,"SK하이닉스, ‘델 테크놀로지스 월드 2023’에서 차세대 기술 선보여",1
2023-05-25 16:14,"[기업] SK하이닉스, 미국 IT 전시회에서 신제품 소개",1
2023-05-23 9:11,"""삼성·하이닉스 단기 수혜...제재 장기화는 악재""",0
2023-05-30 16:07,[시황종합]외인 '사자'에 코스피 연고점 경신…삼전·하이닉스 강세,1
2023-05-28 11:52,"AI 붐' 엔비디아 깜짝 실적, 삼성전자·SK하이닉스에도 훈풍",1
2023-05-30 9:14,"[특징주] 삼성전자·SK하이닉스, 미국발 훈풍에 나란히 '신고가'",1
2023-05-25 10:43,"‘1분기 최악의 성적표’ 삼성전자·SK하이닉스, 연봉·성과급 잔치 끝날까",0
2023-05-29 20:01,"[DD 주간브리핑] 삼성전자·SK하이닉스 '활짝'… 반도체 강세, 이번주에도 이어질까",1
2023-05-24 9:39,"美하원 특위장 “삼성·하이닉스, 中서 마이크론 빈자리 차지하면 안돼”",0
2023-06-02 9:16,엔비디아 랠리에 삼전·SK하이닉스도 강세[특징주],1
2023-05-26 8:48,"D램 시장 지각 변동...美마이크론, SK하이닉스 제치고 2위 올라",0
2023-05-31 15:54,"[데이터로 보는 증시]LG엔솔· SK하이닉스, 기관·외국인 코스피 순매수 1위(5월 31일-최종치)",1
2023-05-25 9:59,"""기술에 베팅하라"" 라스베이거스 빛낸 SK하이닉스 신기술",1
2023-05-30 9:27,반도체株 상승 랠리…삼성전자·SK하이닉스 신고가 행진,1
2023-05-26 8:01,엔비디아 24% 급등…삼성전자·SK하이닉스 상승세로 이어질까 [증시 개장 전 꼭 알아야 할 5가지],1
2023-05-25 16:22,"韓 반도체 D램 점유율 하락…마이크론, 하이닉스 제치고 2위",0
2023-05-31 11:43,"""고맙다, 엔비디아!"" 삼성전자·SK하이닉스 주가 기대감 고조",1
2023-05-27 6:52,"“삼성 형님, 먼저 ‘11만’ 갑니다”…올해만 10조 적자 SK하이닉스 ‘주가 질주’, 왜? [신동윤의 나우,스톡]",1
2023-05-18 10:00,"SK하이닉스·동반성장협의회, ESG 경영 실천 공동 선언",1
2023-05-26 18:27,챗GPT 반도체 훈풍…삼성전자·SK하이닉스 반등 기대감,1
2023-06-01 14:16,SK하이닉스 용인 반도체클러스터에 주성·솔브레인 등 16개사 입주,1
2023-05-26 16:18,"마이크론 제재한 中, 삼성·하이닉스가 빈자리 채울수 있나",1
2023-05-26 17:43,"[시황] 코스피, 2560선 목전…삼성전자·SK하이닉스 급등",1
2023-05-31 0:02,"“고맙다, 엔비디아”…삼성전자·SK하이닉스 주가 나란히 52주 신고가",1
2023-05-18 10:06,"SK하이닉스-동반성장협의회, ESG 경영 실천 공동 선언",1
2023-06-05 11:16,"이케아코리아, 현대자동차와 '그린 포레스트' 행사 진행",1
2023-06-05 17:26,"적진서 펼치는 ‘자동차 한일전’… 도요타 ‘크라운’, 현대차 ‘코나’로 격돌",1
2023-06-05 16:28,"서울대·현대차·정부, 자동차 소재부품기업 살리기에 힘 모은다",1
2023-06-05 10:08,"현대자동차, 이케아 코리아와 신개념 공간 마케팅 진행",1
2023-05-31 8:54,"현대자동차·기아, 차에서 동영상 스트리밍 서비스 제공",1
2023-05-30 10:01,"현대자동차, '미래모빌리티학교' 모집",1
2023-06-01 9:48,"세이브더칠드런-현대자동차, 인니서 아동 주도 재활용 캠페인",1
2023-05-31 16:14,"[포토] 현대자동차, '2023 대한민국 모바일 대상' 금상 수상",1
2023-05-28 12:11,[부고] 채병천(전 현대자동차 이사)씨 별세,0
2023-06-01 8:49,"현대자동차, 아이오닉 5 내걸고 '포니와 함께한 시간' 사진 공모전",1
2023-06-02 6:20,"[비즈S+] 포스코·현대제철, 전기차 시장 확대에 '자동차 강판' 사활",1
2023-06-02 9:10,"현대자동차, 상품성 높인 '2024 팰리세이드' 출시",1
2023-05-30 16:02,"현대자동차, 울산에 전기차 신공장에 이어 5000억원 통큰 투자",1
2023-06-02 10:19,"“포니와 함께한 시간” 현대자동차, 사진 공모전 개최",1
2023-05-30 16:44,"경기도, 평택 포승지구에 1450억원 규모'현대모비스 자동차용 모듈 생산시설을 조성' 유치",1
2023-05-25 8:45,현대자동차·두산에너빌리티 등 대기업 인턴 모집 활발,1
2023-06-02 16:46,식장 나서는 정의선 현대자동차 그룹 회장,1
2023-05-22 16:17,"[기업] 현대자동차, 독일 뉘르부르크링 내구레이스 8년 연속 완주",1
2023-05-25 8:53,"현대자동차그룹, 부산서 열리는 '2023 기후산업국제박람회' 참가",1
2023-05-22 13:55,"현대자동차, ‘뉘르부르크링 24시 내구레이스’ 8년 연속 완주 성공",1
2023-05-26 11:26,"현대자동차그룹, 2030년까지 FIFA ‘모빌리티 부문’ 후원 연장",1
2023-05-25 10:50,"현대자동차그룹, 2023 기후산업국제박람회 참가",1
2023-05-18 10:25,"“우수 인재 모여라”… 현대자동차, 채용전환형 인턴 모집",1
2023-05-19 13:55,"현대차, 전주대 기계자동차공학과에 교육용 전기차 기증",1
2023-05-22 9:38,"""현대차 공장서 미래자동차 배워요""...울산교육청, 중·고교생 진로체험 지원",1
2023-05-16 10:20,"현대자동차·기아, '2023 발명의 날' 행사 개최",1
2023-05-19 17:12,"현대자동차 전주공장, 전북대에 교육연구용 차량 2대 기증",1
2023-05-16 15:03,"현대자동차, 日서 ‘현대 브랜드 데이’ 개최",1
2023-05-14 7:34,미 역대 최대 규모 6700만대 자동차 리콜…GM·폭스바겐·현대 등 12개 업체 에어백 결함,0
2023-05-30 15:00,[AI의 산업접목⑤]급변하는 자동차 패러다임과 현대오토에버 최신 AI 기술,1
2023-05-20 11:09,"전북대, 현대자동차로부터 교육연구용 차량 2대 기증 받아",1
2023-05-21 10:37,"현대자동차, '콩코르소 델레간차 빌라 데스테 2023' 참가",1
2023-05-09 15:06,"추경호 ""전기차에 미래""...현대차그룹 ""24조 투자, 미래 자동차 허브로""",1
2023-05-09 14:37,"울산시, 현대자동차 전기차 울산공장 일대 첨단투자지구 지정 신청",1
2023-05-25 16:33,MZ세대들과 담소 나누는 정의선 현대자동차그룹 회장,1
2023-05-08 11:14,"현대자동차 '아반떼 N TCR', TCR 차이나 챔피언십 출전",1
2023-05-10 16:59,"현대자동차, 해조류 블루카본 개발 협력을 위한 업무협약 체결",1
2023-05-28 12:34,[부음] 채병천(전 현대자동차 이사)씨 별세,0
2023-05-19 18:29,"현대자동차, '포니 쿠페 콘셉트' 복원 모델 최초 공개",1
2023-05-14 18:51,美 자동차 6700만대 에어백 리콜… GM·폭스바겐·현대자동차 등 포함,0
2023-05-19 13:56,"현대차, 전주대 기계자동차공학과에 교육용 전기차 기증",1
2023-05-16 16:05,"현대자동차, 일본서 '현대 브랜드 데이' 개최",1
2023-05-21 10:37,"현대자동차, '콩코르소 델레간차 빌라 데스테 2023'서 'N Vision 74' 전시",1
2023-05-09 13:59,"울산시, 현대자동차 전기차 울산공장 첨단투자지구 지정 신청",1
2023-05-09 15:00,"현대자동차그룹, 올해 전기차 생산 인프라 확충 총력",1
2023-05-09 15:27,울산현대자동차를 방문한 추경호 경제부총리,1
2023-05-17 8:42,"이번에는 꼭...현대자동차, 일본 재진출 1년 ‘현대 브랜드 데이’ 열어?",1
2023-05-16 21:17,"산업부, LG에너지솔루션-현대자동차 배터리 합작공장 현장 방문",1
2023-05-17 14:07,"현대자동차, 26일 기업설명회 개최",1
2023-05-11 14:55,"현대차 전주공장, 전기자동차 분야 우수 인재양성 일조",1
2023-05-09 15:27,현대자동차 선적부두를 둘러보는 추경호 경제부총리,1
2023-05-09 13:17,"울산시, 현대자동차 전기차 울산공장 첨단투자지구 지정 신청",1
2023-05-15 16:09,"현대차, 글로벌 자동차 어워드 잇단 수상 '쾌거'…사용자경험·상품성 등 시장 경쟁력 입증",1
2023-05-12 14:40,"현대차 전주공장, 원광대에 실습용 전기자동차 기증",1
2023-05-18 5:06,"현대자동차그룹, 2030년까지 국내 전기차 분야에 24조원 투자… 글로벌 ‘넘버3’ 정조준",1
2023-05-08 11:15,"현대자동차 '아반떼 N TCR', TCR 차이나 챔피언십 출전",1
2023-05-16 21:59,"고용노동부·안전보건공단·현대자동차, ""울산지역 안전문화 확산 한마음 한뜻""",1
2023-05-09 14:36,"울산시, 현대자동차 전기차 울산공장 첨단투자지구 지정 신청",1
2023-05-09 15:37,"추경호 경제부총리, 현대자동차 울산공장 방문",1
2023-05-09 15:37,"추경호 경제부총리, 현대자동차 울산공장 방문",1
2023-05-09 15:37,현대자동차 울산공장 방문한 추경호 경제부총리,1
2023-05-08 10:28,"한국자동차기자협회, 5월의 차에 현대차 ‘디 올 뉴 코나 일렉트릭’",1
2023-05-09 15:37,현대자동차 울산공장서 간담회 하는 추경호 경제부총리,1
2023-05-15 10:13,"현대자동차, TCR 차이나 챔피언십 출정식 개최",1
2023-05-09 16:23,현대자동차 울산공장 생산라인 둘러보는 추경호 경제부총리,1
2023-05-17 15:46,"현대캐피탈의 남다른 상품 전략, 고금리로 위축된 자동차 시장에 새로운 활력",1
2023-05-07 18:21,"""현대차 가진 한국, 글로벌 자동차 시장 중심지""",1
2023-05-12 17:05,"현대차 전주공장, 원광대에 실습용 전기자동차 1대 추가 기증",1
2023-05-17 14:19,"[화촉] 배기동(전 경상북도 바르게살기운동협의회 회장, 현대자동차 고령대리점 대표, 매일 탑 리더스 아카데미 14기) 씨 차남 경호군 결혼",1
2023-06-06 4:07,[단독] 깜짝실적에도… 기아 ‘勞심초사’,0
2023-06-05 9:51,"현대차 월드랠리팀, WRC 이탈리아 랠리에서 첫 우승",1
2023-06-05 10:33,"현대차·이케아 코리아, '그린 포레스트' 개최",1
2023-06-06 12:01,"韓, ‘커넥티드카’ 특허 증가율 세계 2위... 5G 기반은 LG?삼성이 세계 1?2위",1
2023-06-05 16:27,"노란봉투법 닮은꼴' 사건, 대법 전원합의체가 심리",0
2023-06-05 10:33,"현대차·이케아 코리아, '그린 포레스트' 개최",1
2023-06-05 18:55,"현대차 월드랠리팀, WRC 이탈리아 랠리 우승",1
2023-06-05 11:31,"현대차 월드랠리팀 '티에리 누빌', WRC 이탈리아 랠리 1위",1
2023-06-06 12:02,안전한 자율주행 '5G 기반 커넥티드카' 한국이 선도,1
2023-06-05 6:02,"완성차 회사들, 탄탄대로 열린 전기자전거 시장으로 ‘따르릉’",1
2023-06-05 10:19,"현대차, 이케아 광명 야외정원서 '그린 포레스트' 개최",1
2023-06-05 11:19,"현대차 월드랠리팀, WRC 이탈리아 랠리서 올해 첫 우승",1
2023-06-05 8:55,현대차 월드랠리팀 'i20 하이브리드'로 이탈리아서 우승컵,1
2023-06-06 12:00,"5G 기반 커넥티드카, 대한민국이 선도…출원 증가율 세계 2위",1
2023-06-05 11:22,"현대차, 이케아코리아와 ‘그린 포레스트’ 개최",1
2023-06-05 9:14,"현대차 월드랠리팀, WRC 이탈리아 랠리서 첫 우승",1
2023-06-05 10:23,"현대차-이케아, '그린 포레스트' 개최…""아웃도어도 지속가능하게""",1
2023-06-05 11:15,"현대차, WRC 이탈리아 랠리서 6번째 우승컵",1
2023-06-05 14:29,"현대차 ""아이언맨 '자비스'처럼…앱 하나로 차량 상태 살핀다""",1
2023-06-06 14:21,"현대차-기아 노조, '성과급 4.6조원' 청구서 내민다",0
2023-06-05 18:28,"울산 현대, 임금 인상·고용 안정 놓고 올 임단협도 험로 예고",0
2023-06-05 16:30,"현대차·이케아코리아, 광명점서 친환경차 전시",1
2023-06-06 12:37,‘커넥티드카’ 기술경쟁 심화…5G-V2X 한국이 선도,1
2023-06-06 10:25,"""전기차로 전국일주"" 싱가포르 관광객 제주 입도",1
2023-06-05 17:46,"노란봉투법 닮은꼴' 현대차 파업 소송, 대법 전원합의체 심리",0
