date,title
2023-07-26 06:01:00,경기불황에도 국내 대기업 순고용 늘렸다…삼성전자 증가폭 최대
2023-07-26 09:00:00,"삼성전자·LG전자, '올해의 녹색상품' 휩쓸어…""친환경 노력 인정"""
2023-07-26 09:32:01,"삼성전자, 오늘밤 다섯번째 폴더블폰 공개…관전 포인트는?"
2023-07-26 09:01:01,"삼성전자, 올해 녹색상품서 최고 권위상 수상"
2023-07-26 07:10:00,"삼성전자 5번째 폴더블폰 '갤Z플립5·폴드5', 노태문 꿈 이룰까"
2023-07-26 08:55:11,"삼성전자, 웨어러블 로봇 사양 구체화…임직원 체험중"
2023-07-25 10:12:01,"""삼성전자 없으면 어쩔 뻔""…韓 R&amp;D 투자액 절반 책임졌다"
2023-07-25 17:45:03,"삼성전자, 26일 '갤럭시 언팩' 개최"
2023-07-25 08:21:01,"삼성전자 게이밍 모니터 ‘오디세이 OLED G9′, 英·美 주요 매체서 호평"
2023-07-25 08:45:03,"삼성전자, 게이밍 모니터 '오디세이 OLED G9' 해외 호평"
2023-07-26 10:50:03,삼성전자 2% 약세…다시 '6만전자'로
2023-07-26 09:16:01,삼성전자·LG전자 '올해의 녹색상품' 싹쓸이 쾌거
2023-07-25 10:56:04,"삼성전자, '삼성스토어'서 갤럭시 사상 최초 한국 언팩 알려"
2023-07-26 06:40:00,이재용 직접 나섰다… 삼성전자 미래 먹거리 '차량용 반도체'
2023-07-25 06:31:03,"""22년째 삼성전자 1위""…낸드시장, 내년엔 달라진다?"
2023-07-25 09:27:01,"삼성전자, 한국 R&amp;D 투자액 1위 '압도적'…쏠림현상 심각"
2023-07-26 07:09:01,"삼성전자, 오늘 사상 첫 '韓 갤럭시 언팩'"
2023-07-26 09:47:01,"한독, ‘삼성전자’ 출신 이은천 전무 의료기기 사업부 총괄 선임"
