date,title,content,sentiment,label
2023-07-31 09:21:06,"['카카오', '라이언·춘식이,', '환기미술관', '특별', '전시']","[
추상미술 선구자 김환기 작가 탄생 110주년 기념인기 캐릭터 라이언·춘식이 등장 숏애니메이션 관람



[서울=뉴시스] 카카오는 환기미술관과 함께 온∙오프라인 특별 전시를 진행한다고 31일 밝혔다. (사진=카카오).2023.07.31 *재판매 및 DB 금지[서울=뉴시스]최은수 기자 = 카카오는 환기미술관과 함께 온∙오프라인 특별 전시를 진행한다고 31일 밝혔다. 국내 대표 예술가 감환기 작가와 국내 대표 캐릭터 카카오프렌즈가 함께한 이번 특별 전시는 오는 8월 2일부터 12일까지 환기미술관 별관 2층에서 열린다. 이번 협업은 한국 추상미술의 선구자 김환기 작가의 탄생 110주년을 기념해 이뤄졌다. 특별 전시에서는 카카오프렌즈 인기 캐릭터 라이언과 춘식이가 등장하는 숏애니메이션을 관람할 수 있다. 카카오톡 선물하기(이하 선물하기)에서는 온라인 단독으로 환기미술관 입장권을 판매한다. 선물하기에서 티켓 구매 후 환기미술관에 방문한 관람객을 대상으로 선착순 100명에게 한정판 춘식이 일러스트 엽서를 증정한다. 또한 선물하기는 숏애니메이션 일러스트를 담은 한정판 에코백과 엽서세트 등 콜라보레이션 굿즈도 선보인다.김소라 카카오 제휴&amp;신사업파트장은 “카카오프렌즈X환기미술관 특별 전시는 한국 대표 작가와 대표 캐릭터의 만남이란 점에서 의미가 깊다”라며 “숏애니메이션과 컬래버 굿즈 등 다채로운 콘텐츠로 환기미술관 관람객들과 카카오프렌즈 팬들에 특별한 즐거움을 제공할 것으로 기대된다”라고 말했다.
]",0.49,0
2023-07-31 08:19:33,"['포커스미디', '이', '어', 'CSO', '에', '네이버·카카오', '출신', '박지연', '영입']","[




포커스미디어, 네이버·카카오 출신 박지연 CSO 영입[포커스미디어코리아 제공. 재판매 및 DB 금지](서울=연합뉴스) 이정현 기자 = 엘리베이터TV 운영사인 포커스미디어코리아는 최고전략책임자(CSO)로 네이버와 카카오 출신 박지연 씨를 영입했다고 31일 밝혔다.     박 CSO는 네이버 해피빈 서비스기획팀 리더를 역임하고 카카오 주요 공동체의 클라우드서비스팀 리더로서 임원으로도 활동했다.     네이버 해피빈의 연간 기부 규모를 2.5배 이상 성장시켰고, 카카오 공동체의 B2B 클라우드 플랫폼 '카카오 i 클라우드'의 근간을 마련하는 등 플랫폼 빌드업과 전략에 강점이 있다고 포커스미디어코리아는 설명했다.    포커스미디어코리아는 박 CSO 영입으로 비즈니스 파트너사에 아파트 통합 데이터베이스 기반의 더욱 정밀하고 효과 높은 광고 퍼포먼스를 제공할 방침이다.    박 CSO는 ""최대 규모 디지털 옥외광고라는 영향력을 활용해 시청자인 입주민과 비즈니스 파트너사의 이로움을 확장하겠다""고 말했다.    lisa@yna.co.kr
]",0.43,0
2023-07-31 09:08:00,"['포스코', '에', '밀리', 'ㄴ', '카카오', ',', 'HD', '현대', '에', '밀리', 'ㄴ', '네이버']","[
카카오그룹, 유일하게 시총 감소네이버는 반등…“AI 출시 기대”



 [사진 = 연합뉴스]국내 대형 인터넷주인 네이버와 카카오가 올해 부진한 주가 흐름을 보이면서 그룹 시가총액 순위도 한 계단씩 떨어진 것으로 나타났다.31일 한국거래소에 따르면 카카오그룹주의 합계 시가총액은 28일 종가 기준 43조8864억원으로, 올 초 46조2710원에서 5.15% 감소했다. 올해 시가총액 상위 10위 기업집단 중 카카오만 유일하게 시총 규모가 줄어들었다. 카카오를 비롯해 카카오페이, 카카오게임즈 등 주요 종목 주가가 올해 하락세를 보였기 때문으로 분석된다.또 올해 2차전지 관련주로 묶이며 급등한 포스코그룹주가 시총 5위에 안착하며 카카오그룹은 6위로 밀려났다. 포스코그룹주 시총은 올 초 41조9388억원에서 두 배 이상 증가해 100조원을 넘어선 112조4911억원을 달성했다.같은 기간 네이버는 시총이 17.55% 늘어난 34조6144억원을 기록했으나, HD현대 그룹주에 추월당해 8위에서 9위로 내려왔다. 올해 시총이 가장 크게 증가한 그룹은 삼성으로, 올 초 518조824억원에서 622조8556억원으로 98조2373억원 늘었다. 그밖에 SK그룹은 36.34% 증가한 168조8863억원, 현대자동차그룹은 23.59% 증가한 123조3127억원을 기록했다. 이로써 삼성, LG, SK그룹에 더해 현대차, 포스코그룹이 시총 100조원을 돌파했다.증권가에선 네이버와 카카오의 2분기 실적 발표를 앞두고 주가 전망이 엇갈리고 있다. 최근 3개월간 5개 증권사에서 네이버 목표주가를 상향한 반면, 카카오에 대해선 목표가 하향보고서 16건이 쏟아졌다. 카카오는 광고시장 둔화로 인한 매출 부진이 장기화되며 2분기 시장 전망치를 밑도는 실적을 발표할 것이란 전망이 나온다.김진구 키움증권 연구원은 “카카오 주요 계열사에서 인력 효율화 등이 하반기부터 이어지면서 단기적으로 관련 일회성 비용이 추가되는 가운데 이에 대한 이익 개선 효과는 내년부터 반영될 것”이라며 목표가를 기존 7만8000원에서 7만원으로 낮췄다.반면 네이버는 인공지능(AI) 서비스 출시 등 기대감이 반영되며 주가가 반등하는 모습이다. 안재민 NH투자증권 연구원은 “글로벌 인터넷 기업들의 주가 상승 흐름에서 네이버는 연초 이후 크게 소외됐지만, 다음달 ‘하이퍼클로바X’, 연내 ‘CUE’ 가 공개되면서 인공지능(AI)에 대한 막연한 우려는 사라질 것”이라고 전망했다. 그러면서 “2분기 실적은 매출액 2조5000억원, 영업이익 3735억원으로 시장 컨센서스를 상회할 전망”이라고 했다.
]",0.37,0
2023-07-31 10:11:01,"['""', '카카오', ',', '달', '시ㄴ', '알', 'ㄴ', '쳐다볼랍니다""…', '2년', '버티', 'ㄴ', '개미들', ""'"", '절망', ""'""]","[
17만원대 찍은 주가, 2년 사이 5만원대로외국인 14거래일 연속 '러브콜' 주목실적 부진에 시세조종 수사 등 겹악재지만증권가 ""하반기 우려보단 기대를""



경기 성남 분당구 카카오판교오피스. 사진=한경DB""올 여름 물놀이는 뜻하지 않게 카카오에서 하네요. 평단가(평균 매입단가) 낮추려고 계속 물타기만 하고 있어요."" (평단 5층 주주 A씨)""기다리다 지쳐서 7층에서 뛰어내렸습니다. 다신 안 쳐다보려고요."" (평단 7층 주주 B씨)카카오 주가는 코로나19 특수로 주가를 밀어올렸던 2021년 여름이 '고지'였을까. 투자자들은 2년 넘게 가파른 하락세를 버티며 반등을 기다리고 있다. 증권가는 보수적으로 봤던 카카오에 대한 전망을 바꾸고 있다. 광고 경기의 회복세와 인공지능(AI) 사업 세부전략이 확인될 하반기 이후로 주가 반등을 점쳤다.31일 한국거래소에 따르면 오전 9시35분 기준 카카오는 전 거래일 대비 100원(0.2%) 내린 5만500원에 거래 중이다. 코로나19 시기 주가는 가파르게 오르면서 2021년 6월 중 17만3000원을 기록하기도 했지만, 이는 꿈같은 시절이 됐다. 카카오 주가는 2년 넘게 계단식으로 하락해 현재 주가는 고점 대비 약 71% 하락한 수치다.수급을 보면 개인의 매도세가 특징적이다. 최근 한 달간 개인투자자는 카카오를 1498억원어치 순매도했고 반대로 외국인과 기관은 1409억원, 195억원어치 사들였다. 외국인 투자자의 '러브 콜'은 연일 계속되고 있다. 7월 25일 하루를 제외하고 지난 10일부터 14거래일 동안 내리 순매수세를 기록한 것이다.카카오는 현재 안팎의 여러 악재들에 포위된 상태다. 카카오는 '팬데믹 특수'를 잃은 데다 경기 둔화로 광고 매출 회복세가 더뎌지면서 상반기 부진한 실적을 거뒀다. 카카오의 1분기 영업이익은 711억원으로 전년 동기 대비 55.2% 줄었다. 2분기 영업이익은 전년 같은 기간보다 약 30% 감소한 1244억원으로 추정된다. 



지난 26일 오후 경기 성남시 카카오판교아지트 앞 광장에서 민주노총 전국화학섬유식품산업노동조합 카카오 지회 조합원들이 고용 불안 해소 등을 요구하며 집회를 벌였다. 사진=연합뉸스회사는 금융당국 수사도 받고 있다. 지난 4월 하이브는 카카오가 SM엔터테인먼트 지분 매입 과정에서 시세조종을 했다는 의혹을 제기했고, 감독당국은 카카오와 SM엔터테인먼트 등을 압수수색하는 등 강제 수사에 돌입했다. 감독당국은 하이브가 SM엔터테인먼트 주식을 공개매수하는 과정에서 카카오 측이 인위적으로 주가에 관여해 자본시장법을 위반한 혐의가 있는지 들여다보는 중이다. 이복현 금감원장은 최근 한 행사에서 해당 수사 진척 정도에 관한 질문에 ""어느 정도 실체 규명에 대한 자신감을 갖고 있다""고 답한 바 있다. 의혹이 사실로 드러날 경우 주가에는 적잖은 타격이 있을 전망이다.내홍도 끊이지 않고 있다. 민주노총 소속 카카오 노동조합은 지난 26일 경기 성남 카카오판교아지트 앞 광장에서 집회를 열고 고용 불안 해소와 책임 경영 등을 주장했다. 이날 집회는 2018년 10월 출범한 카카오 노조의 첫 단체행동이기도 하다. 노조는 잇단 사업 실패로 적자가 누적됐는데도 경영진이 자신들의 이익에만 집중하고 있는 점과 카카오 계열사에서 고용 불안감이 퍼지고 있는 점 등을 들어 개선을 요구했다.다만 구조조정은 주가에 단기적으로는 악재일 수 있어도 중장기적으로는 상승 모멘텀으로 작용할 가능성이 높다. 작년 11월 첫 대규모 구조조정을 시작으로 꾸준히 인력 감축을 단행해 온 페이스북 모회사 메타가 이런 경우다. 메타의 주가는 약 8개월 사이 237% 넘게 올랐다.2분기 실적발표를 전후해 증권사들은 당장의 눈높이는 내리면서도 중장기적인 전망은 밝게 봤다. 이달 발표된 증권사 10곳의 리포트 중 8곳이 목표가를 기존보다 하향했다. 제시된 주가는 최저 6만4000원, 최고 8만원이다.이창영 유안타증권 연구원은 ""모빌리티와 카카오페이가 지속 성장 중인 가운데, 상반기 대비 수익배분되는 콘텐츠가 많은 미디어도 매출 증가가 예상된다""며 ""하반기 의미 있는 주가 회복을 기대한다""고 말했다. 다올투자증권 연구원은 ""주가바닥 확인을 위해선 생성 AI가 완성 단계에 이르러 투자규모가 명확해질 필요가 있다""면서 ""이익 불확실성이 해소되고 AI 전략이 구체화된다면 경쟁사 대비 투자매력이 높다""고 밝혔다.
]",0.27,0
2023-07-31 03:03:13,"['성장', '둔화', '‘네이버-카카오’,', '서비스', '축소', '-', '인력', '감축', '가속도']","[
카카오 계열사들 희망퇴직 잇따라노조 첫 집회 열고 고용안정 촉구네이버TV, ‘나우’에 흡수통합 예정지난달엔 ‘오피스’ 등 종료 밝혀



국내 정보기술(IT) 업계가 서비스 통합 및 중단과 인력 감축 등 구조조정에 속도를 내고 있다. 신종 코로나바이러스 감염증(코로나19)에 따른 ‘팬데믹 특수’가 효과를 잃으며 성장세가 둔화한 데다 경기 장기 침체 가능성이 커지고 있어서다. 30일 업계에 따르면 카카오의 기업 간 거래(B2B) 부문 자회사 카카오엔터프라이즈는 17일부터 희망퇴직 신청을 받고 있다. 31일까지 신청한 직원들에겐 퇴직금과 별도로 6개월 치 기본급과 이직 지원금을 제공하기로 했다. 이 회사는 당초 카카오그룹 내 다른 계열사로 옮기는 ‘공동체 이동 지원 프로그램’을 운영하며 인력 재배치에 초점을 맞췄지만 인력 감축으로 선회했다. 최대주주인 카카오로부터 13일 1000억 원의 자금을 빌릴 정도로 자금 사정이 악화했기 때문이다. 지난해 12월 15일 1000억 원에 이은 두 번째 차입이다. 



카카오엔터테인먼트는 지난달 보직을 맡고 있거나 경력 10년 이상인 직원을 대상으로 이직 지원금을 제공하는 ‘넥스트 챕터 프로그램’을 진행했다. IT업계에선 사실상 희망퇴직 성격으로 해석하고 있다. 카카오게임즈의 자회사인 엑스엘게임즈도 희망퇴직 절차를 밟고 있다. 카카오의 분기 영업이익은 1분기(1∼3월) 711억 원으로 전년 동기 대비 55.2% 감소했다. 2분기(4∼6월) 영업이익도 평균 1200억 원으로 전년 동기 대비 30% 정도 떨어졌을 것으로 증권사들은 추정하고 있다. 배재현 카카오 공동체투자총괄대표는 지난달 1분기(1∼3월) 실적 발표 당시 “(계열사 전체적으로) 일부 경쟁력이 낮다고 판단되는 사업은 정리를 계획하고 있다”고 밝혔다. 구조조정이 본격화하자 카카오 노동조합인 ‘크루 유니언’은 26일 경기 성남시 판교 사옥 앞에서 계열사 조합원을 포함해 300여 명이 모인 가운데 집회를 열었다. 2018년 10월 설립 후 첫 단체 행동이다. 노조는 집회를 통해 회사 측에 직원들의 고용 안정 방안 마련을 촉구했다. 네이버 역시 이용자가 감소했거나 성과가 부진한 서비스를 정리하는 등 사업 재편을 추진하고 있다. 동영상 중계 서비스인 ‘네이버TV’는 다른 콘텐츠 플랫폼인 ‘나우’에 3분기(7∼9월) 중 흡수 통합될 예정이다. 지난달엔 문서 작성 도구 ‘오피스’와 PC 백신 서비스를 각각 올해 11월 30일 종료한다고 공지했다. 올해 3월엔 영화 정보 제공 페이지 ‘네이버 영화’ 서비스도 중단했다. 이용자가 지속해서 감소하면서도 운영비는 증가하고 있는 점이 영향을 미쳤다. IT 기반의 유니콘(기업가치 1조 원 이상 비상장사) 스타트업도 강도 높은 구조조정을 추진하고 있다. 비바리퍼블리카(토스)는 2021년 쏘카로부터 인수한 모빌리티 플랫폼 업체 VCNC(타다)를 2년 만에 매각하기로 했다. 이미 지난달 희망퇴직 신청을 받아 수십 명의 직원이 회사를 떠났다. 부동산 플랫폼 운영사 직방도 4월부터 권고사직 등으로 인력을 감축했다.
]",0.46,0
2023-07-31 17:26:01,"['네이버,', '실검', '부활', '논란', ""'트렌드"", '토픽', ""'"", '종료…카카오', ""'"", '투데이', '버블', ""'"", '은', '그대로', '(', '종합', ')']","[
과거 실검과의 유사성으로 논란…네이버 최근 종료, 카카오는 계속 제공 예정정치권이 '실시간 검색어(실검)'의 부활이라며 맹공을 가했던 네이버의 '트렌드 토픽'이 최근 서비스를 종료했다. 지난 5월 포털 다음에서 비슷한 서비스인 '투데이 버블'을 선보인 카카오는 종료 계획 없이 그대로 운영할 방침이다.



네이버 '트렌드 토픽'(왼쪽)과 다음 '투데이 버블' 서비스 화면 예시 [사진=네이버·카카오]31일 네이버에 따르면 추천·구독 판에서 제공하던 트렌드 토픽 서비스를 최근 종료했다. 네이버 관계자는 ""서비스를 두고 논란이 이어지면서 심사숙고 끝에 종료하게 됐다""며 ""유사 서비스를 제공할 계획도 없다""고 선을 그었다.네이버의 트렌드 토픽은 인공지능(AI)이 추천하는 주제(토픽)를 키워드로 보여주고 이와 관련한 인기 콘텐츠를 무작위(랜덤)로 띄우는 서비스다. 네이버 카페·블로그 등 이용자들이 많이 본 문서에서 주제를 추출해 키워드 형태로 제공한다.네이버는 이 서비스를 모바일앱 첫 화면(메인)에 전면 배치하는 등 이용자 접근성을 높이는 방향으로 개편을 계획했다. 하지만 정치권에서 이를 사실상 '실검'과 같은 서비스라고 공격하면서 논란에 휩싸였다. 지난 5월 정치권에서 문제를 제기한 지 2개월 여 만에 서비스를 종료했다.올해 5월 포털 다음에서 '투데이 버블' 베타(시범) 서비스를 시작한 카카오는 종료 없이 그대로 운영할 예정이다.네이버의 트렌드 토픽과 비슷하게 다른 이용자의 최근 관심사와 유용한 정보 등을 파악할 수 있게 한 투데이 버블은 포털 다음에서 검색어를 입력해 검색 결과 창에서 확인할 수 있다. PC 화면에서는 우측, 모바일에서는 검색창 하단에서 볼 수 있다.과거 '실검'과 투데이 버블은 다른 서비스라는 게 카카오 측 설명이다. 실검은 키워드의 순위가 매겨져 모든 이용자에게 같은 결과가 노출됐지만 투데이 버블에서는 여러 키워드가 무작위(랜덤)로 뜨고 노출되는 키워드 역시 이용자마다 다른 점 등을 근거로 들었다.카카오 관계자는 ""과거 문제가 된 실검과 투데이 버블은 다른 서비스라는 점을 이야기해 왔으며 (투데이 버블은) 이용자가 최신 트렌드를 더 잘 알 수 있게 만든 이용자 편의 서비스""라며 ""서비스를 종료할 계획은 없다""고 말했다.
]",0.5,0
2023-07-31 16:47:01,"['""카카오톡', ""'가평"", ""복지톡'"", '채널', '서', '위', '이', '기', '처하', 'ㄴ', '이웃', '알', '려', '주', '세요', '""']","[
가평군, 신청주의 복지체계 극복 '가평 복지톡' 신설[가평=이데일리 정재훈 기자] 가평군이 경제적으로 어려움으로 위기에 처한 이웃을 제보할 수 있는 온라인 시스템을 선보인다.경기 가평군은 복지사각지대 위기가구 발굴 및 해소를 위해 ‘가평 복지톡’을 신설·운영한다고 31일 밝혔다.



(포스터=가평군 제공)카카오톡에서 ‘가평 복지톡’을 검색한 후 채널을 추가하면 1:1 채팅이 가능하며 여기에 위기에 처한 이웃을 제보하면 된다.군을 가평 복지톡을 통해 접수된 위기가구에 대해 기초생활보장제도 및 긴급복지 등 공적지원과 민간자원 연계, 사례관리 등 맞춤형 서비스를 제공한다.여기에 현재 운영 중인 복지이장과 명예사회복지공무원, 지역사회보장협의체 위원들로 구성된 390여명의 인적안전망 또한 가평 복지톡을 통해 활동 영역을 넓힌다.군은 기존 신청주의 복지체계를 보완하기 위한 특수시책의 일환으로 가평 복지톡을 마련했으며 아울러 복지사각지대 해소 및 사례대상자 발굴을 위한 ‘찾아가는 희망복지상담소’도 운영하고 있다.상담소는 각 읍·면별 분기별 1회에 걸쳐 마을회관 및 경로당, 5일장 등에서 복지사각지대 발굴과 복지 상담·홍보 업무를 맡는다.이와 함께 군은 올해 10억여 원을 들여 위기가구를 위한 긴급복지 지원에 나서고 있다.도움이 필요한 위기가구에 일시적으로 신속하게 생계비·의료비·연료비·주거비·사회복지시설이용비·교육비·해산 및 장제비·전기요금 등을 지원하고 있다.군 관계자는 “온라인 안전망을 통해 도움이 필요한 어려운 이웃을 발견한다면 언제든 제보해 달라”며 “다양한 복지사업을 통해 더 나은 환경을 만들기 위해 최선을 다하겠다”고 말했다.
]",0.26,0
2023-07-31 19:54:01,"['카카오게임즈', ""'아레스',"", '출시', '6일만', '에', '구글플레', '이', '매출', '2위']","[
			카카오게임즈는 지난 25일 출시된 MMORPG '아레스 : 라이즈 오브 가디언즈'가 구글플레이 스토어 매출 2위를 달성했다고 31일 전했다.아레스는 정식 서비스를 시작한 다음 날인 26일에 구글플레이 스토어에서 인기 1위에 올랐다.이어서 28일에는 구글플레이 스토어 매출 5위에 올랐으며 다음 날인 29일에는 애플 앱스토어 매출 2위, 구글 플레이 스토어 매출 3위를 달성하기도 했다.



카카오게임즈 측은 아레스의 매출 상승세 원인으로 독창적인 세계관과 화려한 전투 액션 등 주요 특징이 호평을 받고 있기 때문으로 풀이했다.
]",0.36,0
2023-07-31 08:38:20,"['카카오스타', '이', 'ㄹ', '포스티,', ""'라방'"", '으로', '브랜드', '매출', '이끌', '어']","[
라이브 방송 2분기 거래액 전분기 대비 2배 이상 증가



포스티의 2분기 라이브 방송에서 발생한 거래액이 전분기 대비 130% 증가했다(카카오스타일제공)(서울=뉴스1) 김진희 기자 = 카카오스타일이 운영하는 4050 패션 플랫폼 포스티는 2분기 라이브 방송에서 발생한 거래액이 전분기 대비 130% 증가했다고 31일 밝혔다. 포스티는 실시간 방송을 통해 소비자와 소통하며 상품을 판매하는 라이브 커머스, 이른바 '라방'을 지난해 10월 말 론칭했다. 지난해에는 월평균 4회씩 편성해 선보이다가 점차 방송 횟수를 늘려 6월 총 18회 방송을 진행했다.포스티 앱 내에서 간편하게 시청할 수 있는 라이브 방송은 홈쇼핑에 익숙한 4050세대를 성공적으로 공략하고 있다. 직접 만져보고 입어볼 수 없는 온라인 쇼핑의 한계점을 개선함과 동시에 재미를 더한 예능형 콘텐츠로 다채로운 쇼핑 경험을 제공하고 있다.포스티는 본사가 직입점한 브랜드 위주로 라이브 방송을 진행해 4050 고객이 중시하는 품질 보장은 물론 차별화된 상품 셀렉션과 혜택을 제공하고 있다. 본사와 원활한 소통이 가능해 시즌오픈 주력 상품 물량을 충분히 확보해 선보인다. 타 플랫폼보다 시즌오프 세일도 최대한 앞당겨 진행해 쇼핑 수요를 공략한다.이 같은 전략에 힘입어 인기 브랜드 '감탄브라' 라이브 방송은 2월 첫 방송부터 4회 연속 1억원 이상과 역대 최고 거래액(4월12일 방송분)을 달성했다. '쉬즈미스', '플라스틱아일랜드', '코인코즈'의 최근 방송도 1억원이 넘는 거래액을 기록했다.타 유통사와의 협업도 활발히 진행 중이다. 카카오쇼핑라이브, 롯데홈쇼핑, 바바패션 등 다양한 채널에서 라이브 방송을 동시 송출하며 노출 범위를 확장하고, 브랜드 인지도 및 거래액 증가 효과도 톡톡히 누리고 있다.포스티는 해외에서 먼저 인정받은 브랜드의 상품을 라이브 방송으로 소개하며 국내 고객과의 접점이 없었던 브랜드의 판로 확대를 지원한다. 3월에는 한국인 최초 세계 4대 패션위크(파리, 뉴욕, 런던, 밀라노)에 참여한 김보민 디자이너의 '블루템버린'을 단독으로 선보였다. 6월에는 세계 최대 규모의 뷰티 산업 전시회 '코스모프로프 어워드 2023'에서 2개 부문 1위를 차지한 '트루히알100'을 소개하기도 했다.카카오스타일 관계자는 ""포스티의 라이브 방송은 단기간에 많은 성공 사례를 만들었으며 이에 힘입어 여러 브랜드의 참여 의사 또한 많아지고 있다""며 ""패션의류뿐만 아니라 골프, 슈즈, 뷰티 등 다양한 카테고리의 라이브 방송을 늘려갈 계획""이라고 말했다.
		]",0.24,0
2023-07-31 18:14:01,"['7월', '신작', '대전', ',', '승기', '잡', '은', '카카오게임즈…변수', '는', 'IP']","[
			모바일 MMORPG인 '아레스: 라이즈 오브 가디언즈(이하 아레스)'가 7월 모바일 신작 대전에서 우위를 점했다. 지난 25~27일 사이 출시한 △아레스(25일) △신의 탑: 새로운 세계(26일) △미니게임천국(27일) 등 세 게임 가운데 아레스가 출시 일주일도 되지 않은 시점에 매출 2위를 기록하며 카카오게임즈가 승기를 잡은 모습이다.  아레스 구글 매출 2위 원동력은아레스는 지난 29일 구글플레이 스토어 매출 3위를 기록하며 출시 5일 만에 구글플레이 매출 3위에 안착한 데 이어 31일 2위까지 올라섰다. 카카오게임즈는 지난 2021년 6월 출시한 '오딘: 발할라 라이징'에 이어 또 한 번 구글 매출 톱2 게임을 배출하면서 MMORPG를 통한 수익 확대 가능성을 높였다. 



개발사 세컨드다이브가 만든 우주 SF MMORPG 아레스. (사진=카카오게임즈)이런 아레스의 흥행은 두 가지 측면에서 분석이 가능한데, 가장 큰 배경은 'MMORPG 과열 현상'이다.현재 구글플레이 매출 톱10을 살펴보면 10개 게임 중 7개가 MMORPG 장르일 만큼 관련 게임간 경쟁이 치열한 형태로 전개되고 있다. 동종 장르간 경쟁이 치열함에도 올해 출시한 '나이트 크로우(4월)'나 아레스가 2위를 차지할 수 있던 것은 기존 MMORPG 수요층이 새로운 게임으로 옮겨가거나 특정 과금 구조 설계가 출시 초기 매출 확대에 기여한 것으로 분석할 수 있다.이를 반대로 말하면, 출시 후 보상 및 과금 혜택이 쏟아지는 한 달여 기간까지는 매출 순위 상위권에서 우위를 점할 수 있지만 그만큼 '출시 효과'가 하향 안정화 되는 구간도 빠르게 찾아올 수 있다는 것이다.장르적 특성을 배제할 경우, 게임 고유의 '재미'도 매출 등락의 변수로 작용한다. 아레스의 경우, 국내 게임사에서 좀처럼 보기 힘든 우주 SF를 표방하고 있다. 이 게임은 중세시대부터 미래 SF까지 이어지는 세계관을 바탕으로 슈트에 따라 전투 스타일이 달라지는 형태의 시스템을 구축했다. 화려한 비주얼 이펙트(시각효과)와 다수의 적을 빠르게 몰아붙이는 전투 스타일도 아레스만의 강점으로 꼽힌다. 신의 탑·미니게임천국, IP 저력 끌어올릴까아레스보다 각각 하루와 이틀 차이로 출시된 신의 탑과 미니게임천국은 장르적 특성보다는 대중성이 뒷받침된 게임으로 분석할 수 있다.먼저 신의 탑의 경우, 조회수 60억회를 돌파한 네이버웹툰 '신의 탑'의 지식재산권(IP)을 기반으로 개발된 수집형 RPG다. 이 게임은 주인공 '스물다섯 번째 밤'을 비롯해 원작 웹툰에 등장하는 캐릭터를 수집·육성하고 각 스테이지를 돌파하는 형태의 게임성을 통해 친숙한 느낌을 전한다. 



넷마블 개발 자회사 넷마블엔투가 개발한 신의 탑. (사진=넷마블)앞서 이미 두 차례나 같은 IP로 모바일 게임이 출시된 전적이 있는 만큼, 개발사 넷마블엔투는 이번 게임에 '세로 모드'를 도입하는 한편 턴제 방식에서 벗어나 모든 캐릭터가 실시간으로 한 번에 공격하는 시스템을 구축했다. 여기에 넷마블은 신의 탑 사전등록자에게 11만9000원 상당의 패키지 상품(게임 재화)을 지급하는 혜택을 더해 빠른 모객을 진행했다. 이를 통해 신의 탑은 구글 게임 인기순위 2위를 기록한 데 이어 매출 면에서도 6위에 랭크되는 등 잠재력을 입증하고 있다.신의 탑이 웹툰 IP로 인지도를 확보했다면 컴투스가 출시한 미니게임천국은 10년 전 IP를 현대적 감성에 맞게 재해석한 게임으로 주목받았다. 컴투스는 피처폰 시절 '국민 게임'으로 불리며 누적 1900만 다운로드를 기록한 동명의 게임을 10년 만에 새롭게 출시하며 그 시절 그 게임에 대한 향수를 불러 일으키고 있다. 



컴투스가 개발·서비스를 담당한 미니게임천국. (사진=컴투스)새로운 미니게임천국은 △뚫어뚫어 △뿌려뿌려 △날아날아 등 터치 한 번으로 쉽게 플레이할 수 있는 간단한 게임성에 아기자기한 53종의 캐릭터를 바탕으로 대중적인 이미지 굳히기에 나섰다. 이를 입증하듯 미니게임천국은 구글 게임 인기순위 1위를 기록하며 인지도 확보 면에서 성공적인 성과를 거뒀지만, 장르적 특성 등이 반영된 탓인지 매출은 93위로 다소 아쉬운 모습이다.게임업계의 한 관계자는 ""국내 모바일 게임 시장 특성상 여전히 MMORPG의 과금 모델이 높은 데다, 기존 게임에서 이탈하는 고객층이 발생하며 동종 장르 게임이 반사효과를 얻는 모습""이라면서도 ""다만, MMORPG의 경우 플레이 타임이 긴 만큼 주말이 포함된 주간이 지난 후 매출 순위가 급락할 가능성도 높아 한 달여간 추이를 지켜봐야 할 것""이라고 말했다.
		]",0.43,0
2023-07-31 17:02:03,"['겹악재', '카카오…', '항의', '서한', '에', '답', '없', '는', '김범수,', '주가', '는', '지지부진']","[




지난 26일 경기도 성남 판교 카카오 사옥 앞 광장에서 민주노총 전국화학섬유식품산업노동조합 카카오 지회 조합원들이 집회를 벌이고 있는 모습. 연합뉴스‘국민 메신저’를 운영하는 카카오가 잇따른 악재를 마주하고 있다. 주가와 실적 전망이 어두운 상황에서 계열사 구조조정 문제로 카카오 노동조합은 단체행동에 나섰다.카카오 노조 ‘크루 유니언’은 31일 내부 회의를 열고 향후 집회 일정 등을 논의했다. 지난 26일 경기도 성남시 판교 사옥 앞에서 고용 안정을 요구하는 집회를 연 노조는 매주 혹은 격주로 집회를 이어가는 방안을 검토 중이다. 당시 노조는 김범수 카카오 미래이니셔티브센터장에게 항의 서한을 전달했다. 아직 답변을 받지 못한 것으로 파악됐다.26일 집회에선 300여명이 모여 고용 불안 해소, 경영 실패에 대한 김 센터장 사과 등을 요구했었다. 백상엽 전 카카오엔터프라이즈 대표가 지난 5월 자진 사임한 이후 비상근 고문으로 위촉된 걸 지적하기도 했다.특히 노조는 계열사 구조조정의 과정을 문제 삼는다. 노조 관계자는 “회사 측은 희망퇴직 신청을 받겠다고 일방적으로 통보했다”고 전했다. 최근 카카오는 일부 계열사에서 직무를 재배치하거나 다른 계열사로 이동하는 ‘공동체 이동 지원 프로그램’을 실시한 후 희망퇴직 신청을 받았다. 그런데 일부 계열사 직원들은 회사 관계자로부터 희망퇴직 신청을 회유받았다고 노조 측에 주장했다고 한다.노조 단체행동의 도화선으로 작용한 구조조정은 부진한 실적에 뿌리를 둔다. 카카오의 2분기 실적은 오는 3일 발표된다. 금융정보업체 에프엔가이드는 2분기에 카카오 매출이 2조709억원, 영업이익은 1244억원일 것으로 추정한다. 영업이익의 경우 전년 동기 대비 27% 가량 하락할 것으로 추산된다. 카카오의 1분기 영업이익은 711억원으로 전년 동기 대비 55.2% 감소했었다. 1분기 실적 발표 당시 카카오 측은 경쟁력이 낮은 사업을 정리하겠다고 예고했었다.



카카오 주가도 지지부진하다. 지난 2021년 6월 24일 장중 17만3000원까지 올랐던 주가는 최근 1개월간 4~5만원 수준을 벗어나지 못하고 있다. 2년 새 3분의 1 토막이 난 셈이다.다만 증권가에선 하반기에 모습을 드러낼 생성형 인공지능(AI) 언어모델 ‘코GPT’가 구원투수 역할을 할 수 있다고 관측한다. 안재민 NH투자증권 연구원은 “상반기 카카오 주가의 부진은 AI 관련 모멘텀 약화에 기인했다고 본다”며 “카카오의 장점인 대화창 비즈니스를 생성형 AI와 결합한다면, 새로운 사업 모델을 만들어낼 수 있을 것”이라고 분석했다. 이어 광고 업황이 회복세로 접어들면서 카카오 실적도 점차 개선될 것이라고 예측했다.
		]",0.5,1
2023-07-31 19:52:01,"['“기프티콘', '환불', '수수료', '만', '700억', '챙기더니”', '카카오', '결국', '백기', '들', '었다']","[




[헤럴드경제DB][헤럴드경제=박로명 기자] “카카오가 5년간 700억 원이 넘는 기프티콘(온라인 선물하기)환불 수수료를 받아갔다”지난 2021년 윤관석 더불어민주당 의원은 공정거래위원회에서 제출받은 ‘온라인 선물하기 서비스 시장규모 현황조사’ 자료를 발표하며 이같이 밝혔다. 2020년 기준 2조5341억원의 거래액을 기록한 카카오는 온라인 선물하기 시장의 84.5%를 차지하고 있지만 과도한 환불 수수료로 폭리를 취하고 있다는 지적이었다.그동안 카카오는 기프티콘을 받은 수신자가 환불을 원할 경우 약 3개월을 기다린 후에 결제 금액의 90%만 돌려받을 수 있도록 했다. 환불 수수료인 10%를 제외하고 선물 받은 사람의 계좌에 현금으로 입금해주는 방식이었다. 기프티콘 구매자만 유효기간 안에 취소 수수료 없이 100% 환불을 받을 수 있었다.



[사진=홍승희 기자]이를 두고 카카오 이용자들은 “과도한 환불 수수료”라며 불만을 제기해왔다. 서울에 거주하는 직장인 안모(31) 씨는 “사정이 있어 기프티콘을 사용하지 못할 수도 있는데 최소 3개월을 기다려야 하고 10% 수수료까지 물어내야 하는 건 폭리가 아닌가”라고 강조했다.카카오는 운영비·인건비 등을 고려해 환불 수수료를 책정했다고 해명해왔지만, 지속적인 문제 제기에 결국 백기를 들었다. 카카오는 지난 24일 약관 변경 사항을 공지했다. 기프티콘을 받은 사람이 유효기간 1년이 지나도록 사용하지 않았다면 100% 쇼핑 포인트로 환불받을 수 있는 기능을 추가했다.오는 9월 1일부터 발급되는 기프티콘에 이 같은 환불 기능이 적용된다. 최초 유효기간 1년이 지난 2024년 9월 2일부터 100% 쇼핑 포인트로 환불 가능한 옵션이 추가 되는 셈이다. 다만 유효기간 연장이 애초에 불가능한 특가 상품은 약관 적용 대상에서 제외된다.



카카오톡 선물하기 화면 [카카오톡 캡처]앞으로 이용자들은 기프티콘을 환불 받을 때 ‘쇼핑 포인트 100% 환불’과 ‘현금 90% 환불’ 두 가지 중 하나를 선택할 수 있게 되는 것이다. 포인트는 카톡 선물하기 등 카카오가 제공하는 쇼핑 서비스에서 사용할 수 있다. 1포인트는 현금 1원과 동일한 가치를 지닌다.카카오 측은 “옵션을 도입하기에 앞서 현행법에 따른 법무 검토와 쿠폰사, 브랜드사 등의 이해 관계자 의견 수렴, 새로운 포인트 체계 시스템 구축 등 종합적인 검토가 필요했다”면서 “최대한 이른 시일 안에 정책을 도입하기 위해 노력했다”고 강조했다.이어 카카오 측은 “교환권이 포인트로 재사용될 경우 가맹점주와 교환권 운영사의 매출 감소 없이 시장 선순환에 기여할 수 있을 것으로 보인다”고 덧붙였다.
]",0.46,0
2023-07-31 11:52:21,"['카카오', '김범수,', '국립오페라단', '비상근', '이사장', '내정']","[




카카오 창업자인 김범수(57·사진) 카카오 미래이니셔티브센터 센터장(전 카카오 이사회 의장)이 국립오페라단 이사장에 내정된 것으로 31일 알려졌다. 정보기술(IT) 업계와 문화계에 따르면, 김 센터장이 비상근직인 국립오페라단 이사장을 맡는 것은 지난 2021년 재산 절반 이상을 기부하겠다고 약속한 데 따른 사회공헌활동의 일환으로 풀이된다. 이사장직은 문화체육관광부를 통해 공식 임명되며, 1년에 150여 차례 열리는 오페라 공연의 후원·협찬 등을 맡는다. 
]",0.54,1
2023-07-31 08:35:03,"['[fn마켓워치]알토스·카카오·에이티넘,', '4050', '여성', '모바', '이', 'ㄹ', '패션', '플랫폼', '에', '투자']","[




 [파이낸셜뉴스] 알토스벤처스, 카카오벤처스, 에이티넘인베스트먼트가 4050 여성 모바일 패션 플랫폼에 투자했다.   7월 31일 투자은행(IB) 업계에 따르면 알토스벤처스, 카카오벤처스, 에이티넘인베스트먼트는 ‘퀸잇' 운영사 라포랩스의 340억원 규모 B2 라운드 투자에 참여했다. 라포랩스로서는 누적 투자액 700억원을 달성했다.   퀸잇은 나이스클랍, 미니멈, 메트로시티, 발렌시아, 쉬즈미스 등 1300개 이상의 입점 브랜드를 확보했다. 누적 다운로드 540만건을 달성했다.   최희민 라포랩스 공동대표는 “라포랩스 팀은 앞선 투자와 지금까지의 서비스 성장으로, 4050 여성들의 모바일 패션 시장이 충분히 매력적이라는 것을 증명하고 있다”며 “이제 본격적으로 성장하는 시장인만큼 더욱 적극적이고 공격적으로 사업을 확대할 예정”이라고 말했다.   퀸잇은 이번 투자유치를 통해 입점 브랜드의 홍보 지원, 디자이너 브랜드 발굴, 신규 카테고리 확장 및 AI 기반 추천 서비스 개발, TVCF 등의 적극적인 마케팅을 실행한다. 또한 우수 인재들을 확보하기 위해 대규모 채용을 진행할 계획이다.
		]",0.46,0
2023-07-31 18:57:01,"['카카오페이', ',', '카카오페이손보', '주식', '1천억', '추', '가', '취득']","[




카카오페이가 자회사인 카카오페이손해보험 주식 2천만주를 1천억원에 추가 취득한다고 31일 공시했습니다. 카카오페이손보 운영자금을 위한 유상증자로, 납입일은 다음달 7일입니다.앞서 카카오페이는 지난 28일 카카오로부터 카카오페이손해보험의 지분 40%, 800만주에 대해 장외거래를 통해 취득했습니다. 카카오페이손보 지분율은 카카오가 40%, 카카오페이가 60%였는데, 최근 카카오페이가 지분을 추가로 확보하면서 카카오페이손보를 완전 자회사했습니다. 카카오페이 관계자는 ""그룹 내 지배구조 개선을 통해 사업을 효율화하고 경영 효율성을 높이기 위한 차원""이라고 지분 매입 배경을 설명했습니다.당신의 제보가 뉴스로 만들어집니다.SBS Biz는 여러분의 제보를 기다리고 있습니다.홈페이지 = https://url.kr/9pghjn
]",0.34,0
2023-07-30 23:39:01,"['경희의료원-카카오헬스케', '이', '어', '컨소시엄']","[
보건복지부 ‘스마트임상시험신기술개발연구사업’ 최종사업자 선정



경희의료원 연동건 교수경희의료원(원장 김성완)은 디지털헬스센터 연동건 교수가 카카오헬스케어와 함께 컨소시업으로 참여한 보건복지부 ‘2023년 스마트임상시험신기술개발연구사업’의 최종사업자로 선정되었다고 밝혔다.의료 빅데이터를 활용한 통계 기법의 발전으로 의약학 및 보건 의료 분야에서 실데이터(RWD)와 실사용근거(RWE)를 기반으로 하는 희귀의약품 항암치료제, 바이오의약품 신약개발 움직임이 빨라지고 있다. 이와 같은 상황에 발 맞추어 우리나라에서도 전주기에 걸친 RWD/RWE에 기반한 임상 평가를 활용하고 임상시험 데이터 표준모델 개발을 통해 국가적인 정책의 변화를 추진하고 있다.스마트임상시험신기술개발연구사업은 의료 빅데이터를 기반으로 데이터 표준화, 임상플랫폼 개발을 통한 실데이터(RWD)와 실사용근거(RWE) 기반 임상시험과 신약개발을 목표로 한다.경희의료원 디지털헬스센터가 주관하고 카카오헬스케어가 의료데이터의 표준화 및 플랫폼을 개발한다. 서울성모병원, 이대목동병원, 계명대 동산병원, 화순전남대병원이 연구를 담당하고 성균관대학교에서 프로토콜 검증하며 씨엔알리서치가 임상시험 프로토콜 설계 및 수행을 담당한다. 대상질환은 소아를 포함한 2형당뇨, B형간염, 염증성 장 질환, 특발성 폐 섬유증, 비소세포폐암 등 총 5개이며, 2023년 7월 시작 2027년 12월까지 약 4년 6개월 동안 이뤄진다.연구책임자인 경희의료원 연동건 교수는 “의료 빅데이터의 표준화 및 혁신적 플랫폼 구축을 통하여 신약개발을 지원의 풍부한 생태계를 구축하여, 스마트임상시험에 대한 범국가적 선두그룹으로 거버넌스를 확보할 것”이라고 밝혔다.강석봉 기자 ksb@kyunghyang.com
		]",0.4,0
2023-07-31 15:38:01,"['출시', '나흘만', '에', '3위', ""'아레스'"", '...', '카카오게임즈,', '매출', '상위권', ""'3연타'"", '반색']","[
오딘 4위, 아케이지워 6위...하반기 기대작 '롬'도 눈길카카오게임즈의 최신작 '아레스: 라이즈오브가디언즈'가 출시 나흘 만에 구글플레이 매출 3위에 올랐다. 이로써 카카오게임즈는 대규모다중접속역할수행게임(MMORPG) 3개가 나란히 차트 상위권을 차지하는 성과를 거뒀다. 연말에는 또 다른 신작 '롬'도 출시 예정이어서 카카오게임즈가 MMORPG 강자로 입지를 다질지 주목된다.



아레스 [사진=카카오게임즈]31일 게임업계에 따르면 카카오게임즈가 지난 25일 출시한 '아레스: 라이즈오브가디언즈(이하 아레스)'가 주말을 기해 이틀 연속 구글플레이 매출 3위를 기록하고 있다. 아레스는 우주 공상과학(SF) 판타지를 배경으로 한 크로스플랫폼 MMORPG다.논타게팅 전투와 4종의 '슈트'를 전략적으로 교체하는 시스템이 핵심이다. 개발은 전 세계 누적 1억 다운로드를 기록한 '다크어벤저' 시리즈의 반승철 대표가 설립한 세컨드다이브에서 맡았다.카카오게임즈가 서비스하는 '오딘: 발할라라이징(이하 오딘)'과 '아키에이지 워'도 각각 4위, 6위로 상위권을 지키고 있다. 오딘은 2021년에 출시됐으며 아키에이지 워는 지난 3월 출시돼 초반 매출 최상위권에 진입한 후 꾸준히 장기 흥행을 이어가고 있다.



'롬' BI [사진=레드랩게임즈]4분기에도 카카오게임즈는 레드랩게임즈와 함께 신규 MMORPG '롬'을 출시할 계획이다.지난 6월 브랜드아이덴티티(BI)가 공개된 롬은 전 세계 이용자가 참여하는 전장 구현을 목표로 연내 글로벌 동시 출시를 준비 중인 MMORPG다. 실시간 번역 채팅 시스템, 영지전과 공성전, 1대 1 거래 시스템 등을 도입할 계획이다. 카카오게임즈는 MMORPG·글로벌 시장 축적 경험을 바탕으로 마케팅·플랫폼 등을 지원한다.레드랩게임즈는 모바일 MMORPG '에오스 레드'의 제작을 총괄한 신현근 대표가 설립한 MMORPG 전문 개발사다. 카카오게임즈는 지난해 레드랩게임즈에 전략적 투자를 단행해 11% 지분을 확보하기도 했다.조계현 카카오게임즈 대표는 ""국내·해외 시장에서의 성공 경험으로 개발력을 검증받은 레드랩게임즈의 신작 출시를 함께하게 돼 기쁘다""며 ""카카오게임즈가 보유한 노하우와 레드랩게임즈의 코어한 MMORPG 기술력이 만나 성공적인 서비스를 선보일 수 있도록 다방면으로 지원해 나갈 것""이라고 말했다.한편 카카오게임즈는 하반기 '롬' 외에도 액션 RPG '가디스오더'와 '오딘' 북미·유럽 출시를 앞두고 있다.
]",0.43,0
2023-07-31 10:45:01,"['“간편결제', '7월', '브랜드평판', '1위', '네이버페이', '...', '2', '위', '·', '3위', '카카오페이', '·', '삼성페이']","[
한국기업평판연구소, 7월 간편결제 브랜드평판 빅데이터 결과 발표 



◆…사진=클립아트코리아 제공     한국기업평판연구소가 실시한 간편결제 브랜드평판 2023년 7월 빅데이터 분석결과, 1위 네이버페이 2위 카카오페이 3위 삼성페이 순으로 나타났다.   한국기업평판연구소는 국내에서 서비스중인 20개 간편결제 브랜드평판을 알기 위해 빅데이터 평판 분석했다. 2023년 6월 30일부터 2023년 7월 31일까지의 간편결제 브랜드에 대한 국내 소비자 빅데이터 25,177,700개를 분석하여 소비자들의 브랜드평판지수를 파악했다.   한국은행에 따르면 결제액 기준 국내 간편결제시장 규모는 2016년 11조7810억원에서 2020년 120조원을 돌파했다. 삼성전자, LG전자 등 디바이스 사업자, 네이버·카카오·NHN·SK플래닛 등 플랫폼 사업자, PG사, 신세계·롯데 등 유통사들이 페이 서비스를 하고 있다. 정부에서 주도하는 제로페이도 선보이고 있다.   페이 서비스 경쟁이 치열한 이유는 결제 기능이 갖는 중요성 때문이다. 일단 한 번이라도 결제 서비스를 이용한 고객들은 다음번에도 같은 서비스를 이용할 확률이 높다. 특히 O2O(온&amp;오프 연계사업) 사업 확대에 있어 페이 서비스는 필수적이다. 뿐만 아니라 간편결제와 소셜 커머스 서비스에 돈을 맡기면 은행 이자보다 큰 수익을 벌 수 있는 시대를 열기도 했다.   브랜드에 대한 평판지수는 브랜드에 대한 소비자들의 활동 빅데이터를 참여가치, 소통가치, 소셜가치, 시장가치, 재무가치로 나누게 된다. 간편결제 브랜드 평판조사에서는 참여지수와 미디어지수, 소통지수, 커뮤니티지수로 빅데이터 분석했다.   브랜드평판지수는 소비자들의 온라인 습관이 브랜드 소비에 큰 영향을 끼친다는 것을 찾아내서 브랜드 빅데이터 분석을 통해 만들어진 지표로 브랜드에 대한 긍부정 평가, 미디어 관심도, 소비자의 참여와 소통량, 소셜에서의 대화량으로 측정된다.    



◆…출처=한국기업평판연구소 제공     2023년 7월 국내 간편결제 브랜드평판 순위는 네이버페이, 카카오페이, 삼성페이, 토스페이, 페이코, 제로페이, 스마일페이, 페이팔, 우리페이, SK페이, LG페이, 알리페이 , SSG페이, 쿠페이, 엘페이, T페이, 페이나우, 티몬페이, 케이페이, 원큐페이 순으로 나타났다.   간편결제 브랜드평판 1위를 기록한 네이버페이는 참여지수 129만2124 미디어지수 123만2308 소통지수 175만7592 커뮤니티지수 126만5917이 되면서 브랜드평판지수 5,547,941로 분석됐다. 지난 6월 브랜드평판지수 438만7332와 비교해보면 26.45% 상승했다.   2위, 카카오페이는 참여지수 26만0761 미디어지수 122만2112 소통지수 183만6894 커뮤니티지수 208만9345가 되면서 브랜드평판지수 540만9111로 분석됐다.   3위, 삼성페이는 참여지수 13만9181 미디어지수 68만5013 소통지수 76만8221 커뮤니티지수 228만1986이 되면서 브랜드평판지수 387만4401로 분석됐다. 
]",0.34,0
2023-07-31 18:46:01,"['[', '단독', ']', '日', '이', '이', '어', '中', '서도', ""'네이버페이'"", '된다…알리페이·유니온페이', '와', '제휴']","[
이르면 9월부터 결제망에 연동中·日 6094만개 가맹점서 사용



[서울경제] 네이버페이가 중국 최대 결제 플랫폼인 알리페이플러스, 유니온페이와 손을 맞잡고 일본·중국 등 해외로 결제 서비스를 확장한다.31일 금융권에 따르면 네이버파이낸셜은 최근 알리페이플러스·유니온페이와 각각 제휴 계약을 맺고 각 제휴사의 결제망에 네이버페이를 연동하는 작업에 착수했다. 이르면 올해 9월 서비스를 개시할 계획이다. 이에 따라 9월 이후 네이버페이 사용자는 알리페이플러스나 유니온페이로 결제가 가능한 해외 가맹점에서 별도의 환전 또는 가입 없이 손쉽게 결제를 할 수 있게 된다. 두 회사가 보유한 가맹점 수는 중국과 일본 두 나라에서만 6094만 곳에 이른다.특히 이번 제휴를 통해 네이버파이낸셜은 중국 결제 시장에 첫발을 디딜 수 있게 됐다. 카카오페이가 현재 중국 내 알리페이플러스 가맹점에서 카카오페이 결제를 지원하고 있지만 알리페이·유니온페이·위챗페이 등 중국 3대 간편결제 업체 중 두 곳 이상과 제휴한 국내 핀테크사는 네이버파이낸셜이 처음이다. 알리페이플러스와 유니온페이의 가맹점이 중국에서만 총 5900만 개(중복 포함)에 이르는 만큼 중국에서는 사실상 대부분의 가맹점에서 네이버페이 간편결제가 가능할 것으로 전망된다.



이미 결제 서비스를 제공하고 있는 일본 내 결제망도 보다 강화된다. 현재 네이버페이는 라인페이와 제휴해 일본에서의 결제를 지원하고 있는데 라인페이와 제휴했을 때보다 결제 가능한 가맹점 수가 두 배는 늘기 때문이다. 이에 네이버페이는 8월 31일까지만 라인페이와 제휴를 맺고 이후에는 알리페이·유니온페이를 통한 해외 결제 서비스를 내놓을 예정이다.네이버파이낸셜 관계자는 “구체적인 도입 시점은 미정이나 알리페이·유니온페이와 이르면 9월, 늦어도 연내 오픈을 목표로 해외 결제 서비스를 준비하고 있다”며 “기존보다 편의성·혜택 등 사용자 경험이 더 개선된 서비스를 제공할 것”이라고 말했다. 유니온페이와 알리페이의 경우 베트남·홍콩 등 동남아시아 결제 시장에서도 상용화돼 있는 만큼 향후 동남아 결제 시장으로의 서비스 확대도 모색할 수 있을 것으로 보인다.한편 네이버파이낸셜은 해외 결제 서비스 확대를 통해 실적도 끌어올리겠다는 계획이다. 올해 1분기 말 기준 네이버의 페이서비스·디지털금융 등 핀테크 부문 결제액은 총 13조 4000억 원으로 직전 분기 대비 1.5% 증가했다. 이중 5조 4000억 원은 네이버페이로 이뤄지는 해외 결제, 오프라인 결제 등 외부 결제액으로 총 결제액 대비 외부 결제액 비중은 올해 1분기 처음으로 40%를 넘겼다.
]",0.32,0
2023-07-31 14:47:01,"['尹', ',', '다음달', '2', '~', '8', '이', 'ㄹ', '휴가…휴가지', '는', '거제', ""'"", '저도', ""'""]","[




연합뉴스윤석열 대통령이 다음달 2일부터 8일까지 여름휴가를 간다고 대통령실이 31일 밝혔다. 6박 7일 일정이지만 휴가 중 중요 공식 행사에는 참석할 예정이다.대통령실 관계자는 이날 오후 용산 대통령실 청사에서 기자들과 만나 ""공식적으로는 휴가 기간을 2일부터 8일까지로 잡았다. 휴일을 껴서 6박 7일""이라고 설명했다.윤 대통령은 다만 필요에 따라 휴가 기간에도 일정 부분 공식 행사를 소화할 가능성이 있다고 이 관계자는 전했다.휴가 장소에 대해서는 ""(윤 대통령이) 저도에 머물 수 있게 될 것""이라고 덧붙였다.거제 저도는 이른바 '청해대'(靑海臺)라 불리는 대통령 별장이 자리한 곳이다.이 관계자는 ""참모들 입장에서는 대통령이 그동안 워낙 순방 등 여러 격무에 시달렸고, 어느 정도 휴식이 필요한 게 아닌가 생각한다""며 대통령 휴가 계획에 따라 대통령실 직원이나 일부 공무원이 휴가를 짜는 관행도 고려했다고 설명했다.이어 ""공무원 휴가가 내수 진작이나 지역 경제 활성화에 도움이 되는 측면이 있어서 휴가를 가는 게 좋겠다고 (윤 대통령에) 건의했다""고 덧붙였다.윤 대통령은 지난해 8월 휴가 당시에는 저도 등 지방 휴양지와 민생 현장을 찾으려던 계획을 취소하고 닷새동안 서초동 사저에 머물렀다.※CBS노컷뉴스는 여러분의 제보로 함께 세상을 바꿉니다. 각종 비리와 부당대우, 사건사고와 미담 등 모든 얘깃거리를 알려주세요.이메일 : jebo@cbs.co.kr카카오톡 : @노컷뉴스사이트 : https://url.kr/b71afn
]",0.53,1
2023-07-31 10:10:01,"[""'밀키스"", '제', '로', ""'"", '출시', '5개월', '만에', '2600만캔', '판매', '돌파']","[
밀키스 오리지널 제품 매출 성장도 견인 ""제2의 전성기 기대""



롯데칠성음료 제공롯데칠성음료는 올해 2월 선보인 '밀키스 제로'가 출시 5개월만에 누적 판매량 2600만 캔(250mL 환산 기준)을 돌파했다고 31일 밝혔다.밀키스 제로는 1989년 출시된 유성탄산음료 밀키스의 제로칼로리 제품이다. 즐겁게 건강을 관리하는 헬시 플레저(Healthy Pleasure) 열풍 속 제품 개발 단계부터 소비자의 큰 기대를 받아왔는데, 초도 물량이 온라인 직영몰 '칠성몰'에서 사전 판매 한시간 만에 완판된 바 있다.밀키스 제로는 지난 2월말 편의점, 대형마트, 온라인 쇼핑몰 등 판매 채널에서 250mL 캔, 300mL·500mL 페트병 등 총 3종으로 출시된 이후, 7월말까지 월평균 520만 캔(250mL 환산 기준), 5개월 누적 판매량 기준으로 약 2600만 캔이 판매됐다.밀키스 제로의 흥행은 밀키스 브랜드 전반에 대한 관심을 증가시켜 밀키스 오리지널 제품의 매출 성장도 이끈 것으로 나타났다.롯데칠성음료는 매년 약 500억 원 매출을 올린 밀키스가 올해는 약 800억 원 매출을 달성하며 제2의 전성기를 맞을 것으로 기대하고 있다.롯데칠성음료는 밀키스 브랜드 친밀도 제고를 위해 칠성몰 등을 통해 인기 캐릭터 '시나모롤'과 협업한 스페셜 에디션을 판매하고 있으며, 앞으로도 다양한 온·오프라인 마케팅을 펼칠 계획이다.롯데칠성음료 관계자는 ""향후 중국, 홍콩 등 해외 시장으로도 밀키스 제로 수출을 확대하며 밀키스를 한국을 대표하는 글로벌 유성탄산음료 브랜드로 성장시켜 나갈 것""이라고 말했다.※CBS노컷뉴스는 여러분의 제보로 함께 세상을 바꿉니다. 각종 비리와 부당대우, 사건사고와 미담 등 모든 얘깃거리를 알려주세요.이메일 : jebo@cbs.co.kr카카오톡 : @노컷뉴스사이트 : https://url.kr/b71afn
]",0.41,0
2023-07-31 09:48:03,"['""', '3년', '의', '위', '이', '기', '·', '극복', '총정리""…현대차,', '코', '로나', '백', '서', '발간']","[
코로나 3년 위기 극복·대응 과정 정리유사 감영병 발생시 대응 매뉴얼로 활용장재훈 사장 ""총력 다한 임직원에 감사""



현대차가 발간한 코로나 19 백서 '코로나19 극복을 위한 3년의 기록'. 현대차 제공현대차가 코로나 19 위기와 극복 과정을 정리한 백서 '코로나19 극복을 위한 3년의 기록'을 발간했다고 31일 밝혔다.현대차는 ""2020년 코로나19 최초 확진자 발생에서부터 2023년 엔데믹까지 지난 3년간의 위기 극복과 대응 과정을 정리하고, 향후 유사한 형태의 감염병 발생 시 대응 매뉴얼로 활용하기 위해 이번 백서를 발간했다""고 설명했다.백서는 현대차 코로나19 대응 타임라인과 △코로나19 국면, 비상등을 켜다 △극복을 위한 방역 엔진을 켜다 △종식을 위해 핸들을 잡다 △미래를 향해 다시, 시동을 걸다 등 총 5개의 파트로 구성됐다.'코로나19 국면 비상등을 켜다' 파트에서는 코로나19 정의, 개요와 함께 전세계 그리고 국내의 현대차 임직원 확진 현황에 대한 통계 정보를 다뤘다. '극복을 위한 방역 엔진을 켜다' 파트에서는 현대차의 비상 대응 체계와 각 사업장별 방역·예방 활동을 소개했다.'종식을 위한 핸들을 잡다' 파트에서는 현대차 양재본사·울산·아산·전주·남양연구소·국내사업본부 등 각 사업장별 방역 대응 활동을 상세히 수록했다. '미래를 향해 다시, 시동을 걸다' 파트에는 의료, 방역 전문가의 제언과 코로나19 대응 부서에서 지난 3년간 노력했던 임직원들의 수기를 담았다.현대차는 백서를 전 임직원에게 배포하고 한국경영자총협회, 고용노동부, 서초구 등 기관도 향후 유사한 형태의 감염병 발생 시 가이드라인으로 사용할 수 있도록 공유했다.현대차 장재훈 사장은 ""코로나19로 총력을 다해준 현대차 임직원에게 감사하다""며 ""백서를 통해 현대차 임직원들이 어떻게 위기를 극복했는지 정리해 포스트 코로나 위기 극복의 매뉴얼로 활용할 수 있을 것으로 기대한다""고 말했다.※CBS노컷뉴스는 여러분의 제보로 함께 세상을 바꿉니다. 각종 비리와 부당대우, 사건사고와 미담 등 모든 얘깃거리를 알려주세요.이메일 : jebo@cbs.co.kr카카오톡 : @노컷뉴스사이트 : https://url.kr/b71afn
]",0.37,0
2023-07-31 09:50:06,"['CJ', '제일제당', ',', '중국', '자회사', ""'"", '지상쥐', ""'"", '3천억원', '에', '매각']","[
중국식 반찬·장류 취급 기업 매각 ""K-푸드 전략제품 중심 사업 확대""



CJ제일제당 제공CJ제일제당은 중국 식품 자회사 '지상쥐(吉香居)' 보유지분 전량을 매각했다고 31일 밝혔다.매각 대금은 약 3천억 원이며, 매수자는 복수의 중국 기관투자자와 지상쥐의 기존 2대 주주이다.CJ제일제당은 2011년과 2016년 두 차례에 걸쳐 지상쥐 지분 총 60%를 약 385억 원에 인수했다. 지난해 지상쥐 매출은 약 2091억 원이다.CJ제일제당은 중국 식품 사업을 청도식품과 지상쥐의 두 자회사를 기반으로 운영해왔다. 청도식품은 비비고 냉동식품과 다시다를 비롯한 K-푸드를 생산∙판매하며, 지상쥐는 중국식 반찬류인 자차이(榨菜, 일명 짜사이)와 중국식 장류 등을 취급하는 기업이다.이번 지상쥐 지분 매각을 통해 CJ제일제당은 비비고 브랜드 중심의 K-푸드 사업 확장에 주력할 계획이다. K-푸드 대형화에 속도를 내면서 재무 건전성도 강화하겠다는 전략이다.특히, 지난해 중국에서 약 1650억 원의 매출을 올리며 전년 대비 33% 신장한 만두·롤·김치 등 글로벌 전략제품(GSP) 사업을 확장하고, 온라인 채널 강화에도 힘쓸 방침이다.CJ제일제당 관계자는 ""글로벌 전역에서 K-푸드 전략제품을 중심으로 식품사업을 확대하고 있고, 중국도 이 같은 큰 방향성에 맞춰 경쟁력을 강화할 것""이라며 ""매각 대금은 주로 재무 건전성을 강화하는 데 활용할 계획""이라고 말했다.※CBS노컷뉴스는 여러분의 제보로 함께 세상을 바꿉니다. 각종 비리와 부당대우, 사건사고와 미담 등 모든 얘깃거리를 알려주세요.이메일 : jebo@cbs.co.kr카카오톡 : @노컷뉴스사이트 : https://url.kr/b71afn
]",0.5,1
2023-07-31 10:08:01,"['동서식품', ',', '스타벅스', 'RTD', '누적', '판매량', '10억개', '달성']","[




스타벅스 RTD 10억개 판매 돌파를 기념하여 진행한 행사에서 동서식품 김광수 대표이사와(사진우측) 스타벅스 AP(Asia Pacific) David Hanson 부사장이(사진좌측) 기념 촬영을 하고 있다. 동서식품 제공동서식품은 자사가 제조·유통하는 스타벅스 RTD(Ready To Drink) 제품의 누적 판매량이 10억개를 돌파했다고 밝혔다. 매출액으로 환산하면 누적으로 1조 원이 넘는 금액이다.동서식품은 지난 2005년 스타벅스와 커피음료의 제조, 판매, 공급 관련 계약을 체결하고 스타벅스 커피음료를 생산 및 판매하고 있다. 2006년 스타벅스 프라푸치노 병커피 3종 출시를 시작으로 캔, 컵 등으로 제품군을 늘려왔으며 2017년에는 콜드브루 페트(PET) 제품을 출시했다. 현재는 총 25종의 제품이 판매되고 있다.스타벅스 RTD 발매 당시 2006년 1700억 원 규모였던 국내 커피음료 시장은 매년 꾸준히 증가하여 2022년 1조 4500억 원으로 성장했다. 스타벅스 RTD 제품은 발매 첫 해인 2006년 350만 개가 판매된 이후 2022년에는 연간 1억개 이상 판매되며 커피음료 시장과 함께 지속적으로 성장하고 있다.동서식품은 스타벅스의 커피 품질을 그대로 구현한 커피를 언제 어디서나 간편하게 즐길 수 있다는 점을 인기 요인으로 보고 있다.동서식품은 스타벅스 RTD 누적 판매량 10억개 달성을 기념해 오는 8월 'You're my star' 마일리지 이벤트를 비롯한 다양한 프로모션을 진행할 예정이다. 스타벅스 RTD 발매 10주년을 기념해 지난 2015년 시작한 'You're my star' 마일리지 이벤트는 매년 실시하고 있는데, 지난해 누적 회원 수 149만명을 달성했다.동서식품 관계자는 ""지난 18년간 스타벅스 RTD 제품에 보내주신 성원에 힘입어 누적 판매량 10억 개를 달성해 매우 뜻깊고 감사하다""며 ""앞으로도 소비자들의 의견을 반영한 다양한 신제품을 선보여 언제 어디서나 고품질의 커피를 간편하게 즐길 수 있도록 노력할 것""이라고 말했다.※CBS노컷뉴스는 여러분의 제보로 함께 세상을 바꿉니다. 각종 비리와 부당대우, 사건사고와 미담 등 모든 얘깃거리를 알려주세요.이메일 : jebo@cbs.co.kr카카오톡 : @노컷뉴스사이트 : https://url.kr/b71afn
]",0.51,1
2023-07-31 11:02:01,"['심뇌혈관질환', '골든타', '이', 'ㅁ', ',', ""'"", '전문', '의', '최소', '7명', ""'"", '팀', '꾸리', '어', '지키', 'ㄴ다']","[
핵심요약복지부 2차 심뇌혈관질환관리 종합계획(2023~2027) 발표내년초 건보 시범사업 시행…중증응급 대응 소요시간 최소화 권역센터, 예방·치료·관리 통합 거점기관으로…14곳→24곳 확대증상인지·대응수칙 교육 강화…선행지표격 만성질환 '포괄적 관리'



스마트이미지 제공뇌졸중·심근경색 등 심뇌혈관질환으로 인한 사회적 비용이 증가하는 가운데 '골든타임' 내 관련 치료율은 절반에도 채 미치지 못하고 있다. 정부는 중증응급 심뇌혈관질환 환자가 전국 어디서나 적시 치료를 받을 수 있도록 소속이 다른 전문의들이 체계적으로 협력하는 '인적 네트워크'를 시범사업으로 도입하기로 했다. 또 향후 5년간 실제 환자수요에 맞게 권역심뇌혈관질환센터를 10개 이상 늘린다. 고혈압·당뇨병 환자 등에 대해서는 맞춤형 상담을 통해 지역사회 기반 예방·관리체계도 강화하기로 했다. 



보건복지부 제공보건복지부와 질병관리청은 31일 한덕수 국무총리가 주재한 제27회 국정현안관계장관회의에서 이같은 내용을 담은 제2차 심뇌혈관질환관리 종합계획(2023~2027)을 발표했다. 앞서 올 1월 내놓은 필수의료 지원대책과 3월 제4차 응급의료 기본계획의 후속 조치로 나온 세부대책이다. 심뇌혈관질환은 심장과 뇌의 혈관에서 발생하는 질환을 이른다. 급성심근경색증을 포함해 뇌혈관이 갑자기 막히는 생기는 뇌경색 또는 터져서 발생하는 뇌출혈 등이 해당된다. 국내에서는 암(인구 10만 명당 161.1명)에 이어 사망원인 2위(심장질환·10만 명당 61.5명), 4위(뇌혈관질환·10만 명당 44명)를 차지하고 있다. 지난 2021년 기준 연간 심뇌혈관질환 환자 수는 289만 7천 명, 진료비는 6조 9866억 원에 달한다. 급속한 고령화로 환자는 지속적으로 증가하는 추세다. 



복지부 제공중증도와 치명률이 높은 심뇌혈관질환은 골든타임(심근경색 120분·뇌졸중 180분 등) 내 치료가 관건으로 꼽힌다. 효과적 의료 개입이 이뤄질 경우 예방 가능한 사망분률은 37.6%에 이른다는 통계도 있다. 정부는 추후 필수의료 정책의 성패가 중증응급 심뇌혈관질환 대응에 달려 있다고 봤다. 특히 이번 대책은 '급성기 적시 치료'에 초점을 두고 △신속한 중증·응급 심뇌혈관질환 해결 경로 확보 △진료자원 및 인프라의 최적의 연계 △환자 중심의 포괄적 관리체계 구축 △근거 기반의 정책 실현을 위한 모니터링을 핵심 목표로 설정했다. 우선 정부는 전체 전문의가 줄어드는 가운데 기존 인력도 '번아웃'으로 이탈하는 문제를 풀려면 적절한 네트워킹이 시급하다고 판단했다. 중증응급 심뇌혈관질환은 연간 당직이 90일에 달할 정도로 대표적인 의료인력 취약 분야다. 권역별 심뇌혈관질환센터가 전국 단위 대응에는 다소 한계가 있다는 점도 고려됐다. 실제로 응급실을 통해 입원치료를 받은 중증 심뇌혈관질환자 중 권역센터 이용비율은 20%가 채 안 되는 것으로 조사됐다(17%). '인적 네트워크'는 질환·치료방법별 전문의들을 소속과 관계없이 팀으로 꾸려 이같은 기관 중심 대응을 보완하고자 고안됐다. 응급대응 초기에 전문의 간 직접적 소통과 의사결정으로 치료 가능한 이송 병원을 신속히 찾겠다는 취지다. 실시간 수술·시술 가능 병원을 찾기 위해 사적 인맥을 동원하고 있는 현장상황도 반영됐다. 



복지부 제공목표 질환은 △급성심근경색증 △뇌졸중 △대동맥박리로, 골든타임 내 도달 가능한 범위의 병원에서 근무하는 심뇌혈관질환전문의(필수), 응급의학전문의(선택) 등 최소 7명 이상이 모여야 한다. 다만, 당직 운용과 협진을 위해 같은 의료기관에 소속된 전문의는 제한 없이 추가할 수 있다. 이를테면 경북동부권 네트워크팀의 경우, 울진 응급의료기관에서 검사·진단을 실시하고 포항에 위치한 전문치료병원으로 이송해 수술 등 최종치료를 하는 방식이 가능하다. 정부는 네트워크를 구성·유지하는 데 드는 비용을 사전에 100% 보상하고 운영성과에 따라 '사전 보상비의 최대 40%'까지 추가 보상하는 '팀 단위 보상체계'를 검토 중이다. 복지부는 세부사업 지침이 마련되고 참여기관이 선정되는 대로 내년 1월부터 건강보험 시범사업 형태로 시행에 들어갈 예정이다. 김한숙 복지부 질병정책과장은 ""현재 수요로 보면 한 30개 정도의 팀은 지금 당장이라도 선정이 가능할 것 같다""며 ""내년부터 그렇게 시범사업이 실시될 경우 재정 소요금은 82억(기관당 1.9~2.7억) 정도 될 것으로 예상된다""고 말했다. 



복지부 제공현재 전국에 14곳 지정 운영 중인 권역심뇌혈관질환센터는 예방-치료-관리가 모두 가능한 전(全) 주기 통합 거점기관으로 개편한다. 이를 위해 예방관리 사업 외 치료역량 기준도 포함시켜 3년 주기 평가를 실시하고 재지정 여부를 결정하기로 했다. 설령 재지정이 어렵다는 결과가 나왔어도 인프라가 취약한 권역에 대해서는 심뇌혈관질환관리위원회 결정에 따라 육성형 권역센터로 지정하는 등 운영 유형도 다양화할 방침이다. 또 의료이용권역 분석 결과, 환자 수요 측면에서 24개 권역이 도출됐다는 점을 고려해 센터 개수도 순차적으로 확대할 계획이다. 아울러 환자와 가족의 대응능력을 제고할 수 있는 교육·홍보도 강화한다. 심뇌혈관질환은 초기 대처가 생사를 결정짓는 만큼 응급증상에 대한 빠른 인지와 적절한 대응을 돕기 위함이다. 가령 급성심근경색은 가슴 통증과 식은땀·현기증·심한 구토·호흡곤란 등을 동반하며, 뇌졸중은 갑작스러운 한쪽 마비 증상과 언어장애·시야장애·어지럼증 등이 특징이다. 정부는 자가 모니터링이 가능하도록 이러한 증상인지 교육과 동시에 중증·응급 상황별 대응수칙을 널리 알린다. 



복지부 제공더불어 의료이용 현황과 병원 변동이 반영된 심뇌혈관질환 진료권을 3년마다 분석해 골든타임 내 도착 가능한 집 근처 병원을 환자가 알기 쉬운 '지도 형태'로 제공하기로 했다. 해당 지도는 전국의 119구급대, 응급의료기관 등에도 제공하고 교육에 활용한다. 심뇌혈관질환의 선행 지표라 할 수 있는 만성질환에 대한 포괄적 관리도 추진한다. 검진을 통해 고혈압·당뇨·이상지질혈증 등이 진단된 환자에 대해서는 맞춤형 건강상담을 제공하고, 보건소 '모바일 헬스케어' 등을 통해 관리를 강화한다.심뇌혈관질환 고위험 직업군은 특화된 건강검진(경동맥초음파·심전도 등)과 건강관리 프로그램을 지원하고, 50인 미만 또는 야간·교대 작업이 이뤄지는 취약사업장에 대해서는 보건관리 기술 지원을 확대한다. 1차의료 만성질환관리사업은 대상 지역을 전국으로 넓혀 고혈압·당뇨병 등록관리사업, 의원급 만성질환관리 등 유관사업과의 연계방안도 마련하기로 했다. 중증 심뇌혈관질환으로 인한 합병증이나 재발, 악화를 막기 위한 회복기·유지기 관리도 강화할 방침이다. 박민수 복지부 제2차관은 ""심뇌혈관질환은 필수의료 중에서도 매우 중요한 분야로 이번 종합계획의 성과가 또 다른 필수의료 분야 문제 해결의 대안이 될 수 있도록 지속적인 관심을 가지고 충실히 이행하겠다""고 강조했다.※CBS노컷뉴스는 여러분의 제보로 함께 세상을 바꿉니다. 각종 비리와 부당대우, 사건사고와 미담 등 모든 얘깃거리를 알려주세요.이메일 : jebo@cbs.co.kr카카오톡 : @노컷뉴스사이트 : https://url.kr/b71afn
]",0.73,1
2023-07-31 18:45:01,"['론스타,', '국제투자분쟁', ""'"", '판정', '취소', ""'"", '신청…법무부', '""', '검토후', '대응', '""']","[
앞서 국제투자분쟁센터, 한국정부 일부패소 판결""론스타에 2850억 원+이자 배상하라""론스타가 청구한 금액 중 약 4.6% 인정법무부 ""론스타, 지난 29일 판정 취소 신청""""검토 후 우리도 취소 신청 제기할 예정""



연합뉴스우리 정부가 론스타에 약 2850억 원을 배상하라고 결정한 국제투자분쟁해결센터(ICSID)의 판정에 론스타 측이 반발하며 취소 신청을 제기했다. 법무부는 해당 내용을 검토해 취소 신청으로 맞대응한다는 방침이다.법무부는 31일 국제투자분쟁해결센터 사무국으로부터 론스타 측이 지난 29일 오전 7시쯤, 중재판정부의 원 판정에 대한 취소신청을 제기했다는 사실을 통지받았다고 밝혔다.법무부는 ""론스타의 취소신청서 내용을 면밀히 검토하고 있다""라며 ""론스타 측의 취소신청서에 대한 분석까지 충분히 반영해 기한 내 취소신청을 제기할 예정""이라고 밝혔다. 취소 신청 기한은 한국 시간 기준 9월 6일이다.법무부는 ""후속절차에도 충실히 임해 국민의 피 같은 세금이 한 푼도 헛되이 쓰이지 않도록 최선을 다할 것""이라며 ""추후 진행 상황에 대해서도 국민들에게 신속히 알리겠다""라고 덧붙였다.앞서 중재판정부는 론스타가 우리 정부를 상대로 낸 '투자자·국가 간 소송'에서 우리 정부의 일부 패소로 판정했다. 구체적으로 론스타가 청구한 금액 46억 8천만 달러(6조 1776억 원) 중 약 4.6%인 2억 1650만(2857억 원) 달러를 우리 정부가 론스타에 배상하라고 판정했고, 이와 함께 이자도 지급하라고 판정했다.앞서 론스타는 2012년 11월 외환은행 매각을 두고 한국 정부가 부당한 압력을 가해 손실을 봤다며 국제중재를 제기했다. 론스타는 지난 2007년 외한은행 지분 51.02%에 대해 홍콩상하이은행(HSBC)과 5조 9300억 원대의 매각 계약을 맺었고, HSBC는 그해 12월 금융감독위원회에 인가를 신청했지만 금융감독위원회는 승인하지 않았다. 론스타의 '헐값매각' 관련 법원 판결이 나오기 전까지 승인할 수 없다는 이유였다.결국 HSBC는 인수를 포기했고, 이후 론스타는 2010년 11월 이를 하나금융지주에 3조 9157억 원에 매각했다. 우리 정부의 외압으로 손실을 봤다는 것이 론스타의 주장이었고, 중재판정부는 이를 일부 인정했다.중재판정부의 판정 직후 법무부는 수용할 수 없다는 입장을 밝혔고 현재 취소 신청 검토에 들어간 상황이다.한편 법무부는 중재판정부의 계산이 잘못됐다며 정정신청을 냈고, 지난 5월 해당 신청이 받아들여졌다. 배상원금은 애초 2억 1650만 달러에서 48만 1318달러(약 6억 3천만 원)가 깎인 2억 1601만 8682달러(약 2851억 원)로 정정됐다.※CBS노컷뉴스는 여러분의 제보로 함께 세상을 바꿉니다. 각종 비리와 부당대우, 사건사고와 미담 등 모든 얘깃거리를 알려주세요.이메일 : jebo@cbs.co.kr카카오톡 : @노컷뉴스사이트 : https://url.kr/b71afn
]",0.32,0
2023-07-31 11:28:01,"['與', '""', '민주당', ',', '이화영', '에', '허위', '지', 'ㄴ', '술', '강요…정치', '넘', '어', '범죄', '""']","[
윤재옥 ""이재명 방탄 시도가 사법 방해 수준""""검찰이 김성태 봐주고 있다는 가짜뉴스까지 지어내""""검사 실명 공개로 좌표찍기…범죄 영역에 가까워""



더불어민주당 법률위원장인 김승원 의원(왼쪽부터), 인권위원장인 주철현 의원, 정치탄압대책위원장인 박범계 의원, 인권위 상임고문인 민형배 의원이 24일 오전 쌍방울 그룹 대북송금 사건에 연루돼 구속기소된 이화영 전 경기부지사에 대한 검찰 수사에 항의하기 위해 수원지방검찰청을 찾았다가 지검장과의 면담이 불발되자 청사 앞에 앉아 농성을 벌이고 있다. 연합뉴스윤재옥 원내대표가 더불어민주당 의원들이 '쌍방울 대북송금 의혹'을 수사 중인 검찰을 항의 방문하고, '친윤'(친윤석열) 검사들이 쌍방울 김성태 전 회장을 회유하기 위해 '봐주기 수사'를 하고 있다고 주장한 것과 관련해 ""민주당의 이재명 방탄 시도가 사법 방해 수준에 이르렀다""고 비판했다.31일 윤 원내대표는 오전 최고위원회에서 ""최근 이화영 전 경기부지사가 심경의 변화를 일으켜 이재명 대표에게 불리한 진술을 했다는 사실이 언론에 보도되자 민주당은 수원지검을 찾아가 '조작 수사를 중지하라'고 외치는 등 갖가지 방법으로 이 부지사의 진술 번복을 압박했다""며 ""사실상 허위 진술을 강요한 셈""이라고 말했다.이어 ""더욱이 어제는 민주당 검찰독재정치탄압대책위원회가 검찰이 쌍방울 김성태 전 회장의 주가 조작 혐의에 대해 봐주기로 일관하고 있다고 주장했다. 심지어 이것이 쌍방울 그룹의 친윤석열 전현직 사외이사 때문이라는 가짜뉴스까지 지어냈다""며 ""쌍방울 그룹의 사외이사진에는 친명 인사들도 있는데 이 사실은 쏙 빼놓고 태연하게 거짓말하고 있다""고 강조했다.그러면서 ""위원회는 또 이 사건을 수사하고 있는 수원지검 검사들의 실명을 공개하는 폭거도 저질렀다. 전 정권에서 횡행했던 이런 좌표찍기는 명백한 반법치적, 반인권적 의도를 가진 행위로 우리 정치에서 영원히 사라져야 할 비열한 행동""이라며 ""광적인 민주당 지지자로 하여금 검사를 인신공격하게 유도하고 수사에 영향을 미치려는 것에 대해 경악을 금할 수 없다. 민주당의 이런 행위는 정치 영역을 넘어서 범죄 영역에 가깝다""고 비판했다.



국민의힘 윤재옥 원내대표가 31일 오전 서울 여의도 국회에서 열린 최고위원회의에서 발언하고 있다. 연합뉴스김병민 최고위원 또한 ""민주당의 저급한 검찰 좌표찍기 정치가 재개된 걸 보니 이 대표가 많이 다급하긴 한가보다""라며 꼬집었다.그는 ""(이 대표가) 언제는 쌍방울과의 인연에 대해 내의 한 장 사 입은 게 전부라더니 김성태 전 회장과 전화 통화를 한 사실이 드러나질 않나. 지사 시절 방북비용 대납 의혹까지 숨은 연결고리가 드러나니 이 대표와 민주당의 초조함이 너무 노골화되는 것 같다""고 비판했다.이어 ""김성태 전 회장이 노상강도면 노상강도의 돈을 뜯어 북한에 대납시킨 정치인은 날강도 아니냐""라며 ""김 회장과 이 대표가 아무런 관련이 없다면 이런 무리한 행동에 나설 하등 이유가 없을 것이다. 도대체 무슨 지은 죄가 많길래 이렇게 검찰이 수사를 진행할 때마다 전전긍긍하는지 각종 의구심만 커진다""고 지적했다.장예찬 최고위원은 ""이재명 대표의 최측근 박찬대 최고위원은 이화영 전 부지사 핵심 관계자를 만나고, 배우자와 통화까지 했으면서 왜 오리발을 내미는 것이냐""라며 ""민주당의 이재명 일병 구하기가 점입가경""이라고 강조했다.※CBS노컷뉴스는 여러분의 제보로 함께 세상을 바꿉니다. 각종 비리와 부당대우, 사건사고와 미담 등 모든 얘깃거리를 알려주세요.이메일 : jebo@cbs.co.kr카카오톡 : @노컷뉴스사이트 : https://url.kr/b71afn
]",0.3,0
2023-07-31 17:03:01,"['사교육', '카르텔', '유착', '?', '교사', '자진신고', '받', '겠다는', '교육부']","[
8월 1~14일 신고센터 홈페이지에 신고 또는 신고서 발송…실효성은 '의문'



학생들이 시험에 앞서 답안지를 받고 있다. 사진공동취재단교육부가 일부 현직 교원이 대형 입시학원으로부터 돈을 받고 모의고사 문제 등을 제공했다는 의혹과 관련해 자진신고 기간을 운영하기로 했다.   교육부는 사교육 카르텔·부조리 범정부 대응협의회 논의에 따른 후속조치로 다음달 1일부터 14일까지 사교육업체 관련 영리행위에 대한 신고를 받겠다고 31일 밝혔다. 신고하려는 교원은 교육부 홈페이지 '사교육 카르텔·부조리 신고센터'에 접속해 신고하거나 교육부로 신고서를 우편 발송하면 된다. 교육부 관계자는 ""신고 내용을 바탕으로 사교육업체와 연계된 위법한 영리활동이 확인될 경우 관련 법령에 따라 수사 의뢰, 징계 등 엄정하게 조치할 것""이라고 말했다. 실제로 이같은 유착행위가 있었다 해도 교사들이 굳이 자진신고를 하겠냐는 부분에 대해서는 ""제재를 피하려고 자진신고하지 않고 추후 감사 등에서 사실이 밝혀질 경우 '무관용 원칙'으로 더 엄중하게 조치할 것""이라고 부연했다. 향후 징계 수준을 정할 때 사안에 따라 자진신고 여부로 정상참작을 고려해볼 수 있다는 게 교육부의 입장이다. 교육부는 또 시·도 교육청에서 정기적으로 제출하는 겸직허가 자료를 분석하고 필요시 교육청과 전수조사 등의 방식으로 겸직현황도 점검할 예정이다. 이번 자진신고 결과와 겸직허가 자료를 토대로 하반기 중 겸직 허가 가이드라인도 마련하기로 했다. 시중에서 누구나 구매 가능한 문제집 제작에 참여하고 원고료를 받는 것 외 학원이나 강사 등을 통해 일부 수강생에게만 배타적으로 제공되는 교재·모의고사 제작에 관여하는 경우 등은 엄격히 금지하겠다는 방침이다. 다만, 자진신고가 얼마나 이뤄질지도 불투명한 상황에서 정부의 실태조사가 얼마나 실효성을 담보할 수 있겠냐는 지적도 나온다. 신고나 제보 없이 교육부가 사교육 카르텔에 은밀히 연루된 교원을 적발해내는 것은 사실상 어렵다는 것이다. 



사진공동취재단교육부 관계자는 자진신고와 겸직허가 모두 해당사항이 없는 교원을 적발할 방법에 대해 ""(감사원과 국세청 등) 관계기관의 도움을 받아야 할 것""이라고 짧게 밝혔다. 장상윤 교육부 차관은 ""사교육업체와 유착된 일부 교원의 일탈행위는 교원으로서의 책무를 방기하고 공교육의 신뢰를 무너뜨리는 것""이라며 ""이에 엄정 대응함으로써 교육현장의 공정성을 강화하는 계기로 삼겠다""고 말했다. 한편, 교육부는 이날 강남구 소재 유아 영어학원을 대상으로 서울시교육청과 합동 현장점검을 실시한다. 교습비 초과 징수와 등록 외 교습과정 운영, 명칭 사용 위반, 허위·과장 광고 등을 중점적으로 점검한다.※CBS노컷뉴스는 여러분의 제보로 함께 세상을 바꿉니다. 각종 비리와 부당대우, 사건사고와 미담 등 모든 얘깃거리를 알려주세요.이메일 : jebo@cbs.co.kr카카오톡 : @노컷뉴스사이트 : https://url.kr/b71afn
]",0.62,1
2023-07-31 09:47:01,"['기보', ',', '중기', '연구개발', '사업화', '지원', '40개사', '선정']","[




기술보증기금 본점. 기보 제공기술보증기금(기보)은 연구·개발(R&amp;D) 융자 연계 '2023년 BIRD 프로그램' 2단계 지원 기업 40개사를 선정했다고 31일 밝혔다. BIRD 프로그램(Bridge for Innovative R&amp;D)은 R&amp;D 성과가 신속하게 사업화로 이어질 수 있도록 보증과 출연을 연계, 중소기업 혁신 성장 촉진과 수출 경쟁력을 강화하기 위한 제도다.기보와 중소기업기술정보진흥원(기정원)은 3단계로 나눠 △1단계(Pre-R&amp;D) 기보에서 R&amp;D 과제 발굴·선정 및 보증 지원 △2단계(R&amp;D) 기정원에서 최대 16억 원 출연금 지원 △3단계(Post-R&amp;D) 기보에서 사업화 연계 자금을 연속 지원함으로써 효과적으로 중기 R&amp;D 사업화를 지원하게 된다.1단계에서 수출 유망중소기업 48개사를 선정해 보증을 지원했으며 이 중 2단계 지원 대상기업 40개사를 선정했다.2단계 지원 기업에 대해 8월 협약식 체결 후 4년간 최대 16억 원을 지원한다. 3단계는 R&amp;D 성공기업을 대상으로 1·2단계 지원을 통해 개발한 우수기술이 사업화로 이어질 수 있도록 사업화 자금을 신속·우대 지원할 예정이다.기보 김종호 이사장은 ""유관기관과 협업을 확대하고 성장 유망기업 지원을 강화해 민간 주도 혁신 성장 생태계 조성과 중소기업 수출 경쟁력 확보를 통해 복합 경제위기 극복에 앞장서겠다""고 말했다.※CBS노컷뉴스는 여러분의 제보로 함께 세상을 바꿉니다. 각종 비리와 부당대우, 사건사고와 미담 등 모든 얘깃거리를 알려주세요.이메일 : jebo@cbs.co.kr카카오톡 : @노컷뉴스사이트 : https://url.kr/b71afn
]",0.48,0
2023-07-31 14:55:12,"['여당', ',', ""'김영호"", '통일장관', '발언', '조작', ""'"", '혐의', '로', '인스타그램', '계정', '고발']","[
국민의힘 미디어법률단, 명예훼손 혐의로 SNS 계정 고발""'김영호 독도 관련 발언' 가짜뉴스…선처없이 대응할 것""



[서울=뉴시스] 고범준 기자 = 국민의힘이 31일 김영호 통일부 장관 후보자에 대해 허위 정보를 퍼뜨린 혐의로 한 사회관계망서비스(SNS) 계정을 경찰에 고발하기로 했다. 사진은 윤재옥 국민의힘 원내대표가 이날 오전 서울 여의도 국회에서 열린 최고위원회의에서 발언을 하고 있는 모습. 2023.07.31. bjko@newsis.com[서울=뉴시스]최영서 기자 = 국민의힘이 31일 김영호 통일부 장관 후보자에 대해 허위 정보를 퍼뜨린 혐의로 한 사회관계망서비스(SNS) 계정을 경찰에 고발하기로 했다. 국민의힘 미디어법률단은 이날 오후 언론 공지를 통해 ""김 후보자의 인사청문회 답변 내용을 조작한 가짜뉴스 영상을 SNS에 배포한 혐의로 (인스타그램 아이디) 성명불상자를 정보통신망이용촉진 및 정보보호등에 관한 법률위반(명예훼손)으로 오늘 서울경찰청에 고발한다""고 밝혔다.해당 인스타그램 계정에 지난 25일 게시된 숏폼 콘텐츠를 보면, 김 후보자는 박홍근 민주당 의원으로부터 '독도는 우리 영토입니까'라는 질문을 받고 ""그것은 말씀드릴 수 없다""고 답한다. 그러나 실제 김 후보자는 해당 질문에 ""우리 영토 맞습니다""라고 답변했다. 게시물은 김 후보자의 발언을 임의로 편집한 것으로 보인다. 이 게시물은 박 의원이 김 후보자에게 연달아 '(장관직을) 누가 추천했나', '인사청문회 관련 대통령실과 사전 조율한 것이 있나' 등의 질문을 하는데, 김 후보자가 연신 ""말씀드릴 수 없다""고 답하는 것으로 편집됐다. 이후 영상은 국민의힘 소속 김태호 외교통일위원회 위원장이 ""(김 후보자가) 잠시 화장실 갈 필요를 느끼나""라고 말하는 장면으로 마무리된다.미디어법률단은 ""발언 내용을 조작, 왜곡한 가짜 영상으로 개인의 명예를 훼손하고 사회적 혼란을 발생시키는 허위 게시물에 대해 선처없이 대응할 방침""이라며 ""기존에는 가짜뉴스 게시자들의 신원을 파악하지 못해 법적 조치가 중단된 케이스가 많았으나, 이번에는 신원 파악을 진전시킬 수 있는 조치를 취할 계획""이라고 강조했다.국민의힘은 최근 김장겸 전 MBC 사장을 위원장으로 하는 '가짜뉴스 괴담 방지 특별위원회'를 발족시키는 등 온라인 발 허위사실 유포에 강경 대응하겠다는 방침이다.당은 앞서 미디어법률단을 통해 양평 고속도로 특혜 의혹 관련 발언으로 이해찬 전 더불어민주당 대표를, 서이초 관련 국민의힘 의원 연루설을 제기한 유튜버 김어준씨를 명예훼손 혐의로 고발했다. 또 지난 24일에는 윤석열 대통령이 폴란드 방문 중 '오늘은 좀 마십시다'라는 건배사를 했다고 주장한 유튜브 채널 '고양이뉴스'에 대한 수사를 의뢰했다. 미디어법률단은 ""카카오톡 '가짜뉴스 편파방송 제보센터'를 운영하고, 방송 및 SNS 모니터링을 강화하는 등 가짜뉴스를 근절하기 위한 여러 가지 방안을 강구하는 중""이라고 덧붙였다．
]",0.5,0
2023-07-31 12:02:05,"['한우·미술품', '조각투자계약증권', '투자자', '보호장치', '강화', '되', 'ㄴ다']","[
증권신고서 서식 전면 개정, 전담 심사팀 운용증권신고서 미제출 사업자는 자본시장법에 따라 제재""심사사례 축적해 공시서식 기준 지속적으로 보완""



연합뉴스한우·미술품 조각투자사업 관련 투자계약증권의 공시·심사체계가 개편되는 등 투자자 보호 장치가 강화된다.금융감독원은 증권신고서 서식을 전면 개정하고, 투자계약증권 전담 심사팀(공시심사실 내)을 운영해 공동사업 내용 및 증권발행구조, 투자자보호 체계를 중심으로 엄격하게 심사할 예정이라고 31일 밝혔다.먼저 기존 조각투자사업자에 적용하였던 사업재편 요건(도산절연 등)을 증권신고서 서식에 반영하고, 투자 판단에 필요한 첨부서류(외부감사보고서 등) 추가제출 근거가 마련된다.발행인은 증권신고서 제출 전 투자계약증권 해당 여부, 투자자보호 체계 등을 자체 사전 검토해야 하며, 투자자는 증권신고서에 기재된 투자계약증권 관련 공동사업 구조, 투자위험, 투자자보호 체계 등을 면밀히 파악한 후 투자하도록 유도했다.금감원은 생소한 투자계약 증권에 대한 공시이용자의 이해도도 높일 계획이다.투자계약증권의 특성 및 발행 관련 30여개 질문·답변 기재하도록 하고, 발행정보·사업구조·투자자보호 사항 등을 한눈에 볼 수 있는 요약표도 마련된다.투자계약증권은 공동사업에 금전을 투자하고 주로 타인이 수행한 공동사업 결과에 따른 손익을 받는 계약상 권리로, 금융투자상품의 포괄주의 원칙이 포함된 2009년 2월 자본시장법 제정시 최초 도입됐다.그동안 자본시장에서는 상장회사 및 금융회사를 중심으로 주식·채권·수익증권 등 정형적인 증권이 발행·유통되어 왔으나, 최근 특정 자산을 기초로 공동사업을 영위하는 소위 '조각투자'가 등장하면서 증권성 논란이 일었다.이에 금융당국은 증권성 판단 기준 등이 포함된 가이드라인을 지난해 4월 발표하고 다수의 투자계약증권 판단사례를 축적했다.특히 이달 12일 증권성이 인정된 5개 조각투자사업자의 사업재편이 승인되면서 이들 사업자의 투자계약증권 증권신고서 제출이 예상되는 상황이다.금감원은 투자계약증권 심사의 일관성을 확보하고 전문성을 높이기 위해 투자계약증권 증권신고서 전담 심사팀도 운영한다.전담팀은 개정서식의 준수 여부 등 면밀한 심사를 통해 건전한 기업의 원활한 자금조달을 지원하고 투자자 보호에 만전을 기한다는 계획이다.특히 투자계약의 내용에 따라 발행인·투자자·공동사업참여자의 권리와 의무 등이 상이한 투자계약증권의 비정형적 특성을 감안해 향후 사업·발행구조 및 투자자 보호 체계와 관련한 기재 부분을 중심으로 엄격하게 심사할 예정이다.이와 함께 투자계약증권에 해당되는 사업을 영위중임에도 증권신고서를 제출하지 않는 사업자에 대해서는 자본시장법에 따른 제재절차(과징금, 증권발행 제한, 수사기관 통보 등)를 진행하는 등 시장규율도 확립해 나간다는 방침이다.금감원 관계자는 ""향후 심사사례 축적을 통해 공시서식 기준을 지속적으로 보완해 나가겠다""며 ""심사 과정에서 투자자 보호가 취약한 사항이 발견될 경우에는 금융위원회와 법규 개정 등 제도 개선방안을 협의하겠다""고 말했다. ※CBS노컷뉴스는 여러분의 제보로 함께 세상을 바꿉니다. 각종 비리와 부당대우, 사건사고와 미담 등 모든 얘깃거리를 알려주세요.이메일 : jebo@cbs.co.kr카카오톡 : @노컷뉴스사이트 : https://url.kr/b71afn
]",0.63,1
2023-07-31 15:33:01,"['이달', '들', '어', '텔레그램', '피싱', '신', '고', ""'"", '15배', ""'"", '이상', '급증']","[
개인정보침해 신고센터 '118', 7월 텔레그램 피싱 신고 253건 접수올 상반기 월 평균 16.7건 크게 옷돌아



 최근 들어 텔레그램 등 메신저 계정을 노린 피싱 공격이 증가한 것으로 나타났다.과학기술정보통신부는 개인정보침해 신고센터인 '118'에 접수된 텔레그램 피싱 신고 건수가 이달 들어 253건으로, 올 상반기 월 평균 16.7건을 크게 뛰어넘었다고 31일 밝혔다.피싱 수법도 교묘해져 기존에는 지인을 사칭하며 불특정 다수를 상대로  무작위 공격을 했다면, 최근에는 특정 사용자의 메신저 계정을 탈취해 로그인한 뒤 이 사용자의 지인을 공격하는 방식으로 진화했다.과기정통부는 또 올해 상반기 백업 서버를 찾아 하는 랜섬웨어 공격, 보안 소프트웨어의 취약점을 노린 사이버 공격, 관리자 계정 공유 등에 따른 보안 사고 등이 증가했다고 전했다.이같은 공격이 증가하면서 올해 상반기 사이버 침해 사고 신고 건수는 664건으로, 전년 동기(473건) 대비 약 40% 증가한 것으로 집계됐다.※CBS노컷뉴스는 여러분의 제보로 함께 세상을 바꿉니다. 각종 비리와 부당대우, 사건사고와 미담 등 모든 얘깃거리를 알려주세요.이메일 : jebo@cbs.co.kr카카오톡 : @노컷뉴스사이트 : https://url.kr/b71afn
]",0.45,0
2023-07-31 17:40:01,"[""파주운정·남양주별내…'철근"", '누락', 'LH', '아파트', '15곳', '명단', '공개', ""'""]","[
핵심요약파주운정·남양주별내 등 5개 단지 이미 입주, 3곳은 입주 중3곳 보강 완료, 9월까지 보강 마칠 것원희룡 ""책임자로서 사과, 통렬히 반성…안전확보 최선""



원희룡 국토교통부 장관(왼쪽)과 이한준 LH 사장이 30일 오후 LH서울지역본부에서 열린 공공주택 긴급안전점검 회의에 앞서 시흥 은계지구 수돗물 이물질 발생 사태 등에 대해 사과하며 고개 숙이고 있다. 연합뉴스지하주차장 철근이 누락된 한국토지주택공사(LH) 아파트 15개 단지가 공개됐다.  파주 운정, 남양주 별내 등 5곳은 이미 입주가 완료된 곳이다.원희룡 국토교통부 장관은 31일 정부서울청사에서 브리핑을 열어 철근 누락 LH 아파트 15개 단지와 시공사 등을 공개했다.준공여부 별로는 준공완료 단지 9곳, 공사중인 단지 6곳이다. 준공이 완료된 단지 가운데 5곳은 입주를 완료했고 3곳은 입주가 진행중이다.  주민들이 입주를 마친 단지는 파주 운정(A34), 남양주 별내(A25), 아산 탕정(2-A14), 음성 금석(A2), 공주 월송(A4) 등 5곳이다.입주 중인 단지는 수서 역세권(A3), 수원 당수(A3), 충남도청 이전 신도시(RH11) 등 3곳이며 오산 세교2(A6)는 공사를 마치고 입주 예정이다.공사 중인 곳은 파주 운정3(A23), 양산 사송(A2), 양산 사송(A8), 양주 회천(A15), 광주 선운2(A2), 인천 가정2(A1) 등 6곳으로 파악됐다.이 가운데 수서 역세권(A3), 수원 당수(A3), 충남도청 이전 신도시(RH11) 등 입주가 진행중인 3곳은 이미 보강이 완료됐다.국토부는 3곳은 보강중이며 나머지 9곳은 보강예정으로 9월30일까지 보강을 마치겠다고 설명했다.



원희룡 국토교통부 장관이 31일 정부서울청사에서 LH 무량판 구조 조사 결과를 브리핑하고 있다. 연합뉴스원 장관은 ""LH 공공주택을 총괄하는 책임자로서 국민 여러분께 깊은 사과의 말씀을 드린다""며 ""가장 안전하고 튼튼해야 할 공공주택에서 국민 안전의 기본이 지켜지지 못한 점을 통렬히 반성한다""고 밝혔다.이어 ""보강조치가 완료되면 주민들이 추천하는 전문기관을 통해 정밀안전점검을 거치는 등 안전 확보에 한 치의 우려도 남기지 않도록 하겠다""고 덧붙였다. 다만, ""이번에 문제가 된 LH아파트는 무량판을 적용한 지하주차장의 기둥 부위에 해당되고, 지하주차장 상부에 건물이 없어 주거 부분에 대한 안전이 우려되는 상황은 아니다""라고 강조했다. 전날 국토교통부는 공공주택 긴급안전점검 회의에서 LH가 발주한 아파트 중 지하주차장 무량판 구조를 적용한 91개 아파트 단지에 대해 전수 조사한 결과 15개 단지에서 전단보강근 누락을 확인했다고 발표했다.무량판 구조는 보가 없이 기둥이 슬래브를 지지해 검단 아파트 붕괴사고와 같은 사고를 막으려면 철근을 충분히 사용해야 하는 구조다. ※CBS노컷뉴스는 여러분의 제보로 함께 세상을 바꿉니다. 각종 비리와 부당대우, 사건사고와 미담 등 모든 얘깃거리를 알려주세요.이메일 : jebo@cbs.co.kr카카오톡 : @노컷뉴스사이트 : https://url.kr/b71afn
]",0.26,0
2023-07-31 16:15:01,"['""', '길', 'ㅁ', '여사', '캄보디아', '사', '아', '지', 'ㄴ', ',', '조명', '동원""…장경태', '검찰', '출석']","[
핵심요약정보통신망법 명예훼손 혐의…피고발인 신분 소환 조사지난해 11월 캄보디아 사진 '빈곤 포르노' 의혹 제기 등



더불어민주당 장경태 최고위원. 윤창원 기자지난해 11월 캄보디아 순방 당시 김건희 여사가 찍은 사진을 두고 '설정'이라고 주장한 더불어민주당 장경태 최고위원이 검찰 조사에 출석했다.31일 법조계에 따르면 서울중앙지검 형사1부(박혁수 부장검사)는 이날 오후 장 최고위원을 정보통신망법상 명예훼손 혐의 피고발인 신분으로 불러 조사하고 있다.장 최고위원 측은 ""장 의원이 대통령실 고발 건과 관련해 검찰 소환조사 요구에 직접 출석 의사를 밝히고 서울중앙지검에 출석했다""고 밝혔다.



지난해 11월 김건희 여사가 캄보디아 순방 당시 프놈펜에서 선천성 심장질환을 앓는 소년 로타의 집을 찾아 건강 상태를 살피고 위로했다며 공개한 사진. 대통령실 제공앞서 대통령실은 김 여사가 지난해 캄보디아 순방 당시 선천성 심장질환을 앓는 14세 소년 로타 군의 집을 방문해 쾌유를 기원하면서 이 소년을 안은 채 찍은 사진을 언론에 배포했다.대통령실은 장 최고위원이 해당 사진에 대해 '최소 2~3개의 조명을 동원한 콘셉트 촬영', '빈곤 포르노' 등 의혹을 제기하자 허위사실을 유포했다며 경찰에 고발했다..사건을 수사한 경찰은 지난 4월 정보통신망법상 명예훼손 혐의로 장 최고위원을 검찰에 불구속 송치했다.※CBS노컷뉴스는 여러분의 제보로 함께 세상을 바꿉니다. 각종 비리와 부당대우, 사건사고와 미담 등 모든 얘깃거리를 알려주세요.이메일 : jebo@cbs.co.kr카카오톡 : @노컷뉴스사이트 : https://url.kr/b71afn
]",0.46,0
2023-07-31 06:01:30,"['전세대출', '어디', '가', '낮', '은', '지', ""'"", '이것', ""'"", '으로', '확인하세요[금알못', ']']","[




[서울=뉴시스]이주혜 기자 = 어느 은행에서 전세자금 대출을 받으면 좋을지 고민해본 적이 있으신가요. 앞으로는 전세대출 차주의 선택이 보다 쉬워질 것 같습니다. 이달부터 은행별 전세대출 금리를 비교할 수 있기 때문입니다.은행권 예대금리차 공시제도가 개선된 덕분입니다. 은행별 잔액 기준 예대금리차와 전세대출 금리 등 공시 항목이 추가됐습니다. 금융 소비자에게 더욱 많은 정보를 제공해 은행간 금리 경쟁을 유도하고 예대금리차를 좁히기 위해서입니다. 지금까지는 은행연합회 소비자포털 사이트에서 매월 신규 취급액 기준 은행별 주택담보대출, 신용대출, 마이너스대출 금리를 확인할 수 있었습니다. 해당 대출을 받으려는 대출자들은 시중은행과 지방은행, 인터넷은행 등 19곳의 금리를 비교해 어디서 대출받을지 결정하는 데 활용했습니다.하지만 전세대출을 받으려는 고객은 은행별 금리를 비교할 수 없었습니다. 주거 안정과 밀접한 관련이 있고 실수요자 중심 상품임에도 전세대출 금리는 공시되지 않은 탓입니다.이달부터는 전세대출 금리가 공시 항목에 추가됩니다. 은행별로 신규 취급액, 잔액 기준 금리를 비교할 수 있습니다. 대출금리와 이를 구성하는 기준금리, 가산금리, 가감조정금리(우대금리)도 따져볼 수 있습니다.전세대출을 이용하는 금융 소비자의 선택권을 확대하고 은행간 전세대출 금리 경쟁을 촉진하기 위해서죠. 지난 28일 시행된 첫 공시에서는 지난달 신규 취급액 기준 Sh수협은행의 전세대출 금리가 가장 높고 카카오뱅크의 금리가 가장 낮은 것으로 나타났습니다. 5대 시중은행 중에서는 신한은행이 높고 KB국민은행이 낮았죠.은행별 예대금리차 공시는 신규 취급액 기준에서 잔액 기준까지 확대됐습니다. 예대금리차란 예금금리와 대출금리의 차이를 말합니다. 은행이 이자마진을 과도하게 남기는 것은 아닌지 들여다볼 수 있습니다. 기존에는 은행들이 전월에 신규 취급한 대출과 예금의 금리로 계산한 '신규 취급액 기준 예대금리차'만 공시됐습니다. 가계대출 예대금리차와 정책금융을 제외한 가계대출 예대금리차 등을 공시했죠.이달 말부터는 전월 말에 은행이 보유하고 있는 모든 대출과 예금의 금리로 계산한 '잔액 기준 예대금리차'를 함께 공시하기 시작했습니다. 한국은행이 은행권 잔액 기준 예대금리차를 매달 공시하고 있지만 이제는 개별 은행의 예대금리차를 비교할 수 있게 된 것이죠.신규 취급액 기준 통계는 최근 금리 동향을 나타냅니다. 은행에 저축하거나 일반대출을 받으려는 고객 입장에서 활용할 수 있는 정보입니다. 잔액 기준 예대금리차를 통해서는 금융기관의 수익에 대한 포괄적인 정보를 알 수 있습니다.금융당국은 잔액 기준 은행별 예대금리차와 대출금리 등 공시가 확대되면서 은행의 금리 경쟁을 촉진하고 그 혜택이 금융 소비자에게 돌아갈 것으로 기대하고 있습니다.※ 인간의 중대 관심사인 돈의 흐름을 알기 위해서는 금융 지식이 필수입니다. 하지만 금리, 투자, 환율, 채권시장 등 금융의 여러 개념들은 어렵고 낯설기만 합니다. 그런 면에서 우리는 모두가 '금알못(금융을 알지 못하는 사람)'에 가까울지 모릅니다. 금융을 잘 아는 '금잘알'로 거듭나는 그날까지 뉴시스 기자들이 돕겠습니다．
]",0.45,0
2023-07-31 05:57:00,"['MZ=아이폰', '?', '삼성', '의', '반격…갤Z플립5', '로', ""'아재폰'"", '꼬리표', '떼', 'ㄴ다']","[
""삼성,  플립5 MZ 겨냥 작정했다""커버 화면 확대 및 셀피 기능 강화10~20대 아이폰 편중 현상 심해플립5가 아이폰 견줄 유일한 대항마



아이브 장원영이 지난 26일 서울 강남구 코엑스에서 열린 갤럭시언팩 행사에 참석 하고 있다. /사진=김휘선 기자 hwijpg@삼성전자가 MZ(1980년대 초~2000년대 초 출생) 세대를 집중 공략하기 위해 '갤럭시Z플립5'(플립5)를 전진 배치했다. 전략 스마트폰인 폴더블폰 중에서도 '옆으로 접는' 폴드 시리즈보다는 '위 아래로 접는' 플립 시리즈를 택했다. 폴더블폰 출시 초기에는 기술력을 총동원한 폴드 시리즈를 앞세웠지만, 이제는 제품 혁신은 물론 '언팩'에서의 공개 순서와 마케팅까지 화력을 완벽하게 플립에 집중하는 모양새다. 10~20대의 선호도가 높은 아이폰을 견제하고 '삼성폰=아재폰' 오명을 벗어나기 위한 돌파구로 풀이된다. ━""플립5, MZ에 최적화된 제품""━



""요즘 10대들 사이에서는 아이폰을 안 쓰면 '왕따'라고 한다"" 지난 28일 갤럭시언팩 기자간담회에서 노태문 삼성전자 MX(모바일경험)사업부장(사장)은 취재진의 '매운맛' 질문과 마주했다. 실제로 삼성은 글로벌 스마트폰 시장 점유율에선 애플과 1·2위를 다투지만, 젊은 세대 비중은 아이폰이 압도적으로 많다. 최근 한국갤럽 조사에 따르면, 올해 7월 기준 국내 스마트폰 이용자 가운데 18~29세 연령대는 아이폰을 65%로 가장 많이 사용했다. 전년 대비 13%포인트(p) 증가한 수준이다. 같은 기간 갤럭시 스마트폰 이용률은 32%로 종전 44%보다 12%p 하락했다. 하지만 취재진의 질문에 노 사장은 ""플립5는 젊은 층이 좋아할 수밖에 없는 제품""이라고 맞받았다. 실제로 갤럭시Z 플립 시리즈는 MZ 사이에서 존재감이 희미해진 갤럭시 진영의 분위기 반전을 위한 '유일한 희망'으로 자리잡았다는 평가다. 갤럭시Z 시리즈에서 플립의 판매 비중은 폴드 시리즈를 압도한다. 30일 삼성전자에 따르면, 지난해 갤럭시Z4 시리즈의 글로벌 판매 비중은 플립이 약 60%, 폴드가 약 40%로 집계됐다. 반면 Z5 시리즈의 현재 글로벌 사전예약 추이는 플립 65%, 폴드 35%다. 특히 국내에서는 플립 시리즈의 인기가 월등한 만큼, 7대 3 이상의 판매 비중을 기록할 수도 있을 것으로 추정된다. ━'폴드' 제친 '플립'…삼성 내부도 ""놀랐다""━MZ 공략을 위해 삼성이 폴드 대신 플립을 최전방에 내세운 이유는 간단하다. 앞서 삼성은 2019년 폴더블폰 시장 진출 당시 주류 라인업으로 폴드를 내세웠다. 그러나 2021년 플립3가 '대박'이 나면서 분위기는 반전됐다. 특히 젊은 세대 중심으로 입소문이 났다. 삼성 한 관계자는 ""(당시 플립 흥행은) 삼성 내부에서도 '놀랍다'는 분위기였다""며 ""이젠 플립을 중심으로 폴더블폰 전략이 짜여지고 있다""고 말했다. 



갤럭시Z5 시리즈 광고. /사진제공=삼성전자 유튜브이에 삼성전자의 화력도 플립에 집중되고 있다. 우선 제품 혁신 측면의 경우, 지난 28일 언팩에서 공개된 플립5는 삼성이 MZ 세대를 공략하기 위한 흔적이 곳곳에 보였다. 플립5는 '커버 디스플레이'를 기존(1.9인치)보다 2배 가까이 늘려 사용성을 높였다. 굳이 스마트폰을 열지 않고도 유튜브나 카카오톡을 사용하도록 한 것이다. '셀피' 경험도 강화했다. 기기를 열고 각도를 조절해 촬영을 하는 '플렉스캠', 사람과 찍히는 사람이 모두 화면을 확인할 수 있는 '듀얼 프리뷰' 등 기능을 담았다. 물론 폴드5도 두께를 2㎜, 무게는 10g 줄이는 등 신경을 썼다. 그러나 디자인이나 기능성 측면의 변화는 눈에 띄지 않았다.마케팅의 우선순위도 달라졌다. 삼성전자가 처음으로 플립 제품이 처음 나온 2020년 언팩에서 노태문 사장은 '폴드→플립' 순서로 소개했고, 이는 2021년 갤럭시Z 언팩에서도 마찬가지였다. 그러나 플립3의 예상 밖 흥행 이후 지난해 갤럭시 Z4 시리즈부터는 플립이 먼저였다.삼성의 '플립 퍼스트'는 광고에서도 드러난다. 현재 공개된 갤럭시Z5 시리즈의 영상광고에서는 플립이 먼저, 폴드는 그 다음이다. 업계 관계자는 ""플립 제품의 가능성을 확인한 삼성전자 경영진이 사실상 '리딩모델의 교체'를 결정했다""고 해석했다.
]",0.52,1
2023-07-31 11:00:01,"['법무부', ',', '경찰', '수사종결권', '축소…文정부', ""'"", '수사권', '조정', ""'"", '손질']","[
핵심요약경찰 보완수사 전담 제도 폐지…""국민 보호 공백 개선 취지""법무부, 8월 1일~ 9월 11일까지 수사준칙 개정안 입법예고보완수사, 경찰→검·경 분담…警, 보완 요구 3개월 이내 이행검·경에 고소·고발장 '접수 의무화' 규정화…수사기한도 정비



한동훈 법무부 장관이 26일 서울 여의도 국회에서 열린 법제사법위원회 전체회의에서 의원들의 질의에 답하고 있다. 윤창원 기자법무부가 경찰의 보완수사 전담 제도를 폐지하고 수사 종결권을 축소하는 내용을 골자로 한 수사준칙 개정안을 입법예고한다.법무부는 다음 달 1일부터 오는 9월 11일까지 이 같은 내용이 담긴 '검사와 사법경찰관의 상호협력과 일반적 수사준칙에 관한 규정(수사준칙)' 개정안을 입법예고한다고 31일 밝혔다.법무부는 ""지난 2021년 '수사권 조정'에 따른 수사지연과 부실수사 등 부작용과 지난해 이른바 '검수완박법'의 고발인 이의신청권 폐지 등에 따른 국민 보호 공백을 현행 법률의 틀 안에서 개선하려는 취지""라고 추진 배경을 설명했다.개정안에는 △경찰의 고소·고발 반려 제도 폐지 △검사의 보완수사요구·재수사요청에 대한 경찰의 수사기한 및 검사의 보완수사요구 시한 설정 △보완수사 경찰 전담 원칙 폐지에 따른 검경 보완수사 분담 기준 등이 담겼다.또한 △경찰의 위법·부당한 불송치 결정에 대한 검사의 재수사 요청이 이행되지 않은 경우 검사가 사건을 송치받아 마무리 보완 △검경 일방이 요청하거나 선거사건 시효(3개월)가 임박한 경우 상호 협의 의무화 등도 준칙의 주요 내용으로 포함됐다.구체적으로 이번 개정안은 검찰과 경찰에 고소·고발장 접수 의무를 명시했다. 일부 접수 거부에 따른 국민 불편을 해소하겠다는 취지다. 아울러 수사지연을 해소하기 위해 각종 수사기한을 정비했다.



연합뉴스검사는 경찰에 보완수사 요구를 할 때 원칙적으로 1개월 이내에 하도록 제한을 부과했다. 재수사요청 시한만 정해져 있던 기존 규정을 손본 것이다. 경찰은 보완수사요구나 재수사요청을 받으면 3개월 이내에 이행해야 한다.검찰의 사건 수리 후 1개월이 지난 사건, 송치 이후 검찰이 피의자 등에 대해 이미 상당한 수사가 이뤄진 경우 등에 대해서는 원칙적으로 검찰이 보완수사를 하도록 규정했다.개정안은 또 경찰의 불송치 결정에 대한 검사의 재수사 요청이 이행되지 않았을 때, 일정한 경우에는 검사가 사건을 송치받아 마무리하도록 했다.현재는 재수사 사건에 법리 위반, 명백한 채증법칙 위반, 공소시효·소추조건 판단 오류 등이 있는 경우에만 검찰이 송치요구를 할 수 있다고 인정했다.개정안은 혐의 유무를 명백히 하기 위한 재수사요청 사항이 이행되지 않은 경우도 송치요구 요건에 포함했다.법무부는 개정안에 수사지연 방지를 위해 기존의 재수사요청 횟수 제한은 유지하되, 요청한 사항을 경찰이 이행하지 않으면 일정한 경우 검사가 사건을 송치받아 책임지고 마무리하도록 일부 보완했다고 설명했다.검·경 일방이 요청하거나 공소시효가 3개월로 짧게 적용되는 선거 사건의 경우 상호 협의를 의무화해 협력을 강화하는 내용도 개정안에 담겼다.법무부는 지난해 6월부터 학계와 실무 전문가, 검·경 기관위원으로 구성된 '검·경 책임 수사시스템정비 협의회'를 운영하고 행정안전부와 협의를 거치는 등 관계기관과 전문가 의견을 수렴해 개정안을 마련했다고 설명했다.한동훈 법무부장관은 ""수사준칙은 민생준칙""이라며 ""이번 개정은 서민 생활과 직결된 대다수 민생사건 수사가 지금보다 조금이라도 더 빨라지는지, 국민의 억울함을 풀어드릴 기회를 한 번이라도 더 보장 해드릴 수 있는지를 가장 먼저 고려했다""고 말했다.※CBS노컷뉴스는 여러분의 제보로 함께 세상을 바꿉니다. 각종 비리와 부당대우, 사건사고와 미담 등 모든 얘깃거리를 알려주세요.이메일 : jebo@cbs.co.kr카카오톡 : @노컷뉴스사이트 : https://url.kr/b71afn
]",0.31,0
2023-07-31 09:48:01,"['삼성전자', ',', '갤Z5', '시리즈', '사전판매…저장용량', '2배', '업그레이드']","[
8월 1일부터 7일까지 사전판매…11일 정식 출시



삼성전자 제공삼성전자는 8월 1일부터 7일까지 갤럭시 Z 플립5‧폴드5의 사전판매를 한다고 31일 밝혔다. 국내 공식 출시는 8월 11일이다. 갤럭시 Z 플립5는 민트와 크림, 라벤더, 그라파이트 등 4가지 색상으로 출시된다. 256GB 모델은 139만 9200원, 512GB 모델은 152만 200원이다. 갤럭시 Z 폴드5는 아이스 블루와 크림, 팬텀 블랙 등 3가지 색상으로 나온다. 256GB 모델은 209만 7700원, 512GB 모델은 221만 8700원이다. 다만 사전판매 대상에서 갤럭시 Z 플립5‧폴드5 512GB 모델은 제외했다. 삼성전자는 '삼성닷컴'과 '삼성 강남'에서만 만날 수 있는 차별화한 색상의 자급제 모델도 출시한다. 갤럭시 Z 플립5는 그린, 옐로우, 그레이, 블루 등 4가지 색상, 갤럭시 Z 폴드5는 그레이, 블루 등 2가지 색상이 전용이다. 갤럭시 Z 폴드5 1TB 모델도 삼성닷컴과 삼성 강남 전용으로 나온다. 가격은 246만 700원이다. 갤럭시 Z 플립5와 폴드5의 사전판매는 전국 삼성스토어와 삼성닷컴, 이동통신사 온‧오프라인 매장과 오픈마켓 등에서 진행된다. 8월 1일 오전 0시 삼성닷컴과 네이버, G마켓, 11번가, 쿠팡, GGS닷컴, CJ온스타일을 통해 라이브 커머스가 시작된다. 사전구매 고객은 8월 8일부터 제품 수령과 개통이 가능하다. 개통 이후 삼성닷컴 앱에서 구매 혜택을 신청할 수 있다. 삼성전자는 갤럭시 Z 플립5‧폴드5 256GB 모델을 사전 구매한 고객에게 512GB 모델로 저장용량을 2배 업그레이드 해주는 '더블 스토리지' 혜택을 진행한다. 파손보상과 수리비 즉시 할인, 방문 수리 서비스 등 '삼성케어플러스 파손 보장형' 1년권도 제공한다. 갤럭시 Z 플립5 사전구매 고객은 '플립수트 케이스', 갤럭시 Z 폴드5 사전구매 고객은 '슬림 S펜 케이스'를 증정한다. 삼성전자는 삼성닷컴과 상성 강남에서 단독으로 진행하는 갤럭시 Z 폴드5 1TB 모델을 사전구매하는 고객에게 '갤럭시 워치6 44mm 블루투스' 모델을 제공한다. 이밖에 사전구매 고객에게 삼성닷컴 앱에서 '갤럭시 워치6 시리즈' 구매시 사용할 수 있는 10만 원 할인 쿠폰을 주는 등 다양한 프로모션을 진행한다. 한편 삼성전자는 갤럭시 Z 플립5‧폴드5 구매시 갤럭시 스마트폰을 반납하면 최대 15만 원을 추가로 보상해 주는 '트레이드 인' 프로그램을 9월 30일까지 운영한다.※CBS노컷뉴스는 여러분의 제보로 함께 세상을 바꿉니다. 각종 비리와 부당대우, 사건사고와 미담 등 모든 얘깃거리를 알려주세요.이메일 : jebo@cbs.co.kr카카오톡 : @노컷뉴스사이트 : https://url.kr/b71afn
]",0.39,0
2023-07-31 11:09:01,"['""', '검', '단', '붕괴사고', '관련', 'LH', '전관특혜', '규명해', '이', '야', '""', '경실련,', '감사', '청구']","[
경실련 ""검단 붕괴사고, LH '전관특혜'가 원인일 수도"" 의혹 제기LH 전관특혜 실태 규명 및 근절방안 마련 촉구…감사원에 감사 청구



붕괴 사고 발생한 인천 아파트 건설 현장. 연합뉴스인천 검단 아파트 건설현장 지하주차장 붕괴 사고로 인해 불거진 'LH 전관특혜' 의혹과 관련해, 경제정의실천시민연합(경실련)이 감사원에 철저한 진상 규명을 촉구하고 나섰다. 경실련은 31일 오전 11시 서울 종로구 감사원 앞에서 'LH 전관특혜 의혹 감사청구' 기자회견을 열어 ""지난 4월 29일 발생한 인천 검단 아파트 건설현장 지하주차장 붕괴 사고와 관련해, 감사원은 LH 전관인사 특혜 의혹에 대해 발주에서 시공단계까지 철저히 감사하라""고 요구했다. 인천 검단 아파트 건설현장 지하주차장 붕괴 사고는 지난 4월 29일 발생했다. 3402동과 3403동 사이 지하 주차장 슬라브가 붕괴했는데 사고로 지하 1층 슬래브 약 970㎡와 지하 2층 일부가 무너졌다. 인명피해는 없었다. 단체는 ""경실련은 (사고 직후) 해당 공사의 설계와 감리를 맡은 업체가 모두 LH 전관인사를 영입업체라는 것을 지적하며, 전관특혜가 사고의 원인일 수 있다는 의혹을 제기했다""고 말했다. 경실련에 따르면, A업체는 설계용역을 약 50억 원에 경쟁입찰 과정을 거치지 않는 수의계약을 LH로부터 따내 해당 공사현장의 '설계'를 맡았다. 당시 A업체에는 총 5명의 LH 전관인사가 재직했다. B업체 또한 종합심사낙찰제 방식으로 '감리' 등에 대한 계약을 LH와 체결했다. B업체에도 역시 3명의 LH 전관 인사가 재직했다. 이들은 ""LH는 사업 발주자이자 국민 세금으로 운영되는 공기업""이라며 ""LH는 공사에 적절한 업체를 선정하는 데 실패했을 뿐만 아니라 이들의 부실한 업무 처리를 방치해 붕괴 사고의 원인을 제공했다""고 LH의 책임을 짚었다. 이어 ""두 달 뒤, 국토부 사고조사위원회는 설계감리·시공 등 공사 전반에 걸친 문제들이 사고원인이라고 발표했다""면서 ""그러나 주무부처인 국토교통부는 설계·감리·시공업자들을 비난만 할 뿐, 'LH 전관특혜' 문제와 관련해서는 그 어떠한 언급도 하지 않았다""고 꼬집었다. 또한 단체는 ""2021년 경실련은 LH 설계용역 수의계약 및 건설사업관리용역 종합심사낙찰제 관련 현황을 분석했다""면서 ""그 결과 LH는 사업 상당부분을 LH 전관인사를 영입한 업체들에게 몰아준 것으로 나타났는데, 수의계약과 종합심사낙찰제가 전관특혜를 위한 통로로 악용되고 있는 것은 아닌지 의심할 수밖에 없는 실정""이라고 지난 조사결과를 언급하며 'LH 전관특혜' 의혹에 힘을 실었다. 아울러 ""LH는 전·현직 관련자들의 땅 투기 문제로 국민적 공분을 산 적이 있었음에도, 전관특혜로 공공사업에 대한 밀어주기를 노골적으로 방치했다""면서 ""감사원은 고착화된 전관특혜 실태를 철저히 조사하라""며 LH뿐만 아니라 모든 퇴직 공직자에 대한 전관특혜 근절 방안을 마련하라고 요구했다. 단체는 이날 △전관 영입업체 부실설계 봐주기 △전관 영입업체 부실감리 봐주기 △공공사업 전관 영입업체 밀어주기 등에 대한 감사를 청구하는 공익 감사 청구서를 감사원에 제출했다.※CBS노컷뉴스는 여러분의 제보로 함께 세상을 바꿉니다. 각종 비리와 부당대우, 사건사고와 미담 등 모든 얘깃거리를 알려주세요.이메일 : jebo@cbs.co.kr카카오톡 : @노컷뉴스사이트 : https://url.kr/b71afn
]",0.33,0
2023-07-31 12:08:01,"['제주도민', '10명', '중', '7명', '""제2공항', '주민투표', '실시해', '이', '야', '""']","[
제주시민사회단체연대회의 여론조사 결과 발표…제2공항 반대 '53.2%'·찬성 '41.1%'



제주 현안 여론조사 결과 발표 기자회견. 고상현 기자제주도민 10명 중 7명이 제주제2공항 갈등 해소를 위해 주민투표를 실시해야 한다는 의견이다. 국토교통부가 주민투표를 수용하지 않더라도 자체 주민투표를 실시해야 한다는 의견이 우세했다. 제주시민사회단체연대회의는 31일 제주도의회 도민카페에서 제주지역 최대 현안인 일본 후쿠시마 원전 핵 오염수 방류 문제와 제2공항 문제에 대해 여론조사를 진행한 결과를 발표했다. 이번 조사는 여론조사 전문기관인 한국갤럽에 의뢰해 27일부터 28일까지 이틀간 이뤄졌다. 제주에 거주하는 만 18세 이상 도민 1001명을 대상으로 전화 인터뷰 조사 방식으로 진행됐다.  먼저 '제주 제2공항 갈등 해소를 위해 주민투표를 실시하는 것에 동의하는지' 묻자 76.6%가 '동의한다'고 답변했다. '동의하지 않음'은 20.7%로 조사됐다. '모름‧응답 거부'는 2.7%다.  특히 제2공항 찬성 의견이 많은 서귀포시에서도 71.1%가 주민투표를 실시해야 한다는 의견을 내비쳤다. 제2공항 사업을 주도하는 국민의힘 지지층에서도 68.4%가 주민투표를 동의했다.  



제2공항 주민투표 요구 기자회견. 고상현 기자'국토부가 주민투표를 수용하지 않을 경우 대안'으로는 '자체 주민투표로 제주도 의견 결정'이 50.3%, '공론조사로 제주도 의견 결정'이 29.9%, '국토부에 일임'이 13.8%로 조사됐다. '제주공항 인프라 확충 방안'에 대해서는 '현 제주공항 확충'이 52.2%, '성산 제2공항 건설'이 30.2%, 정석 비행장 활용이 10.3%, '현 제주공항 폐쇄하고 신공항 건설'이 2.4%로 집계됐다. 현재 서귀포시 성산읍에 조성하려는 제2공항 건설에 대해 찬반 여부를 묻자, 41.1%가 '찬성한다'고 답변했다. 반면 '반대한다'는 의견은 53.2%로 조사됐다. '모름‧응답 거부'는 5.7%다 서귀포시(52.5%)에서 찬성 의견이 많았으며, 제주시 갑(59.8%)에서 반대 의견이 많았다.  직업별로 보면 농·임·어업 등 1차 산업 종사자(58.7%)에서 찬성 의견이 두드러졌다. 반면 학생(65.4%)과 가정주부(57.2%), 기능노무‧서비스 종사자(56.2%) 등에서 반대 의견이 많았다. 



원전 오염수 방류 규탄 집회. 고상현 기자'일본 후쿠시마 원전 핵 오염수 방류 시 제주 해안과 수산물 오염에' 대한 견해를 묻자, 응답자 77.2%가 '오염될 것'이라고 답변했다. '그렇지 않을 것'이라는 응답은 19.2%에 그쳤다. 윤석열 정부가 원전 오염수 방류 문제에 대해 대응을 잘 하고 있는지 묻는 질문에는, 72.7%가 '잘못하고 있다'고 응답했다. '잘하고 있다'는 응답은 16.7%에 그쳤다. '대답 보류'는 4%다. 원전 오염수 방류 시 정부 대응 방안으로는 '태평양 연안 국가들과의 연대 등 범국가적 대처'가 38%로 가장 많았다. 이어 '원산지 표시 강화와 방사능 안전성 인증제 실시'가 24.8%다. 이밖에 '일본산 수산물 수입 전면 금지'가 19.7%, '피해실태 조사'가 10.7%로 조사됐다.



조사 개요.※CBS노컷뉴스는 여러분의 제보로 함께 세상을 바꿉니다. 각종 비리와 부당대우, 사건사고와 미담 등 모든 얘깃거리를 알려주세요.이메일 : jebo@cbs.co.kr카카오톡 : @노컷뉴스사이트 : https://url.kr/b71afn
]",0.41,0
2023-07-31 10:12:01,"['한국농어촌공사,', '지진', '반경', '100km', '내', '저수지', '긴급', '점검']","[
진앙지 100km 반경 저수지 1300여 곳 긴급 점검 마쳐급경사지, 양배수장, 취입보 등 4천여 곳 안전 점검 추진



한국농어촌공사의 전북 장수 대곡저수지 긴급 점검. 한국농어촌공사 전북본부 제공한국농어촌공사(사장 이병호)는 전북 장수 지진(3.5 규모)과 관련해 저수지 긴급 점검을 실시했다.한국농어촌공사는 진앙지로부터 반경 100㎞ 이내 농업용 저수지 전북 401곳을 포함해 경남·북 충남·북 등 6개도 1348개소에 대한 긴급 점검을 실시했으며 현재까지 지진으로 인한 시설물 피해는 없다고 밝혔다.특히, 지진 발생 직후 저수지에 설치되어있는 재해예방계측기 등을 활용해 저수지 안전 여부를 신속하게 확인하고 공사 직원을 현장에 긴급 투입해 시설물을 직접 점검에 나섰다.또한, 공사는 추가적인 여진 발생에 대비해 지속적인 모니터링과 함께 급경사지 등 취약지구와 양·배수장 및 취입보 4115개소 등 농업생산기반시설물에 대한 안전 점검을 실시할 계획이다.이병호 사장은 ""자연재난 발생 시 신속하고 긴밀한 대처로 피해를 최소화하고 국민의 생명과 안전을 최우선의 가치로 삼아 재난관리책임기관으로서 최선을 다하겠다""고 말했다.한편, 지난 29일 7월 29일 19시 7분 전북 장수군 북쪽 17km 지역(진원 깊이 6km)에서 규모 3.5 지진이 발생했다.※CBS노컷뉴스는 여러분의 제보로 함께 세상을 바꿉니다. 각종 비리와 부당대우, 사건사고와 미담 등 모든 얘깃거리를 알려주세요.이메일 : jebo@cbs.co.kr카카오톡 : @노컷뉴스사이트 : https://url.kr/b71afn
]",0.75,1
2023-07-31 14:13:01,"['""', 'G', '바겐', '한정판', '왔다""…3가지', '색상', '총', '150대', '판매']","[
AMG G 63 헤리티지 에디션 출시""한국 고객들 성원에 특별히 구성""3가지 색상…총 150대 한정 판매



메르세데스-AMG G 63 헤리티지 에디션. 외장 색상은 G 마누팍투어 올리브 메탈릭. 메르세데스-벤츠 코리아 제공메르세데스-벤츠 코리아는 '메르세데스-AMG G 63'의 한정판 모델 '메르세데스-AMG G 63 헤리티지 에디션'을 출시하고 8월 1일부터 판매에 들어간다고 1일 밝혔다.'G 바겐'으로 불리는 G-클래스는 메르세데스-벤츠 라인업 가운데 가장 긴 역사를 가진 시리즈 중 하나다. 지난 1979년 첫 출시 이후 40여 년간 온로드와 오프로드를 아우르는 위치를 이어오고 있다. 올해 5월에는 전세계적으로 누적 생산 50만대를 돌파했다.



메르세데스-AMG G 63 헤리티지 에디션 인테리어. 메르세데스-벤츠 코리아 제공국내에서도 인기를 이어왔다. G-클래스는 지난 2012년 국내 첫 출시 이후 현재까지 7천대 이상 판매됐다. 메르세데스-벤츠 코리아는 G-클래스 마니아들을 위해 '메르세데스-AMG G 63'의 에디션 모델을 다채롭게 선보여왔다.킬리안 텔렌 부사장은 ""메르세데스-AMG G 63 헤리티지 에디션은 국내 고객들이 G-클래스에 보내준 관심과 성원에 감사하는 의미를 담아 특별히 구성한 모델""이라고 강조했다.



메르세데스-AMG G 63 헤리티지 에디션. 외장 색상은 G 마누팍투어 빈티지 블루 메탈릭. 메르세데스-벤츠 코리아 제공메르세데스-AMG G 63 헤리티지 에디션은 총 3가지의 외장 컬러로 구성됐다. 색상별로 △G 마누팍투어 시트린 브라운 마그노 30대 △G 마누팍투어 올리브 메탈릭 60대 △G 마누팍투어 빈티지 블루 메탈릭 60대 등 총 150대가 한정 판매될 예정이다.메르세데스-AMG G 63 헤리지티 에디션의 부가세 포함 가격은 2억 9천만원이다. 전국 64개 메르세데스-벤츠 공식 전시장에서 제품 상담과 구매가 가능하다.※CBS노컷뉴스는 여러분의 제보로 함께 세상을 바꿉니다. 각종 비리와 부당대우, 사건사고와 미담 등 모든 얘깃거리를 알려주세요.이메일 : jebo@cbs.co.kr카카오톡 : @노컷뉴스사이트 : https://url.kr/b71afn
]",0.31,0
2023-07-31 16:22:06,"['尹대통령', '지지율', '4주', '만', '에', '상승…37.', '3', '%']","[




윤석열 대통령. 연합뉴스 윤석열 대통령의 국정 지지율이 4주 만에 상승했다는 여론조사 결과가 31일 나왔다.리얼미터가 미디어트리뷴 의뢰로 지난 24~28일 전국 만 18세 이상 2517명을 대상으로 조사한 결과, 윤 대통령의 국정 수행에 대한 긍정 평가는 37.3%로 지난주 같은 조사보다 0.7%포인트(p) 올랐다.윤 대통령 지지율 상승은 4주 만이다. 6월 셋째 주(38.7%)에서 6월 다섯째 주(42.0%)까지 올랐다가 7월 첫째 주(39.1%)부터 7월 셋째 주(36.6%)까지 하락세였다. 윤 대통령의 국정수행에 대한 부정 평가는 59.5%로 전주보다 0.4%p 떨어져 4주 만에 하락했다.지난 27~28일 전국 만 18세 이상 1003명을 상대로 실시한 정당 지지도 조사 결과, 더불어민주당 44.3%, 국민의힘 36.3%, 정의당 3.6% 순으로 집계됐다.민주당은 직전 조사(7월 둘째 주)와 비교하면 0.1%p 상승했고 국민의힘은 0.7%p 하락했다. 정의당은 1.7%p 올랐다. 무당층은 2.6%p 감소한 11.5%였다.윤 대통령 지지율 여론조사의 표본오차는 95% 신뢰수준에 ±2.0%p다. 응답률은 3.1%로 조사는 무선(97%)·유선(3%) 방식으로 진행됐다.정당 지지율 여론조사 표본오차는 95% 신뢰수준에 ±3.1%p다. 응답률은 2.6%로 무선(97%)·유선(3%) 방식으로 조사가 진행됐다.자세한 내용은 중앙선거여론조사심의위원회 홈페이지와 리얼미터 홈페이지를 참고하면 된다.※CBS노컷뉴스는 여러분의 제보로 함께 세상을 바꿉니다. 각종 비리와 부당대우, 사건사고와 미담 등 모든 얘깃거리를 알려주세요.이메일 : jebo@cbs.co.kr카카오톡 : @노컷뉴스사이트 : https://url.kr/b71afn
]",0.38,0
2023-07-31 11:21:03,"[""'"", '총경회의', '주', '도', ""'"", '류삼영', '총경', '경찰', '떠난다…""보복성', '인사', '""']","[
지난해 7월 경찰국 신설 반대 '총경 회의' 주도최근 112치안종합상황실 팀장 전보""사실상 강등""…경찰청에 사직서 제출



류삼영 총경이 31일 오전 서울 서대문구 경찰청 앞에서 사직 기자회견을 하고 있다. 연합뉴스경찰국 신설에 반대하는 전국 경찰서장(총경) 회의를 주도했다가 징계를 받았던 류삼영 총경이 최근 총경 전보 인사를 '보복성 인사'로 규정하며 경찰청에 사직서를 제출했다.류 총경을 31일 오전 서울 중구 경찰기념공원에서 기자회견을 열고 ""35년간 경찰조직의 일원으로 사명감을 갖고 주어진 임무에 최선을 다했지만, 최근 경찰 중립의 근간이 흔들리는 것을 더 이상 지켜보기 어려웠다""며 ""감히 14만 경찰의 자존감을 지키기 위해 사직을 결심하게 됐다""며 사직을 발표했다.이어 ""헌법과 법률에 위배되는 시행령으로 행정안전부에 경찰국을 신설하는 등 지난 시간 힘들게 쌓아온 경찰 민주화가 나날이 무력화하고 있다""며 ""이 과정에서 뜻있는 경찰서장들이 의견 수렴을 위해 모였다는 이유로 경정급 보직으로 좌천되는 등 사실상 강등에 가까운 보복인사를 겪어야만 했다""고 말했다.지난해 7월 류 총경은 총경회의를 주도했다는 이유로 정직 3개월 징계를 받고 최근 경남경찰청 112치안종합상황실 상황팀장으로 발령이 났다.112 상황팀장은 지난해까지 총경보다 한 계급 낮은 경정급 간부가 담당하던 자리다. 올해부터 총경 복수직급제가 도입되면서 총경급 간부도 보임할 수 있게 됐지만, 내부에서는 좌천성 자리로 여겨지기도 한다.



류삼영 총경이 31일 오전 서울 서대문구 경찰청 앞에서 사직 기자회견을 하고 있다. 연합뉴스그는 ""하반기 총경 인사에서도 보복성 인사가 이어지고 있다""며 ""누군가 경찰 블랙리스트를 조직적으로 관리하면서 경찰청장이 갖고 있는 총경 인사권에 부당하게 개입하고 있다는 합리적 의심을 갖게 한다""고 밝혔다.류 총경은 사직 이후 계획에 대해 ""사직을 안 해봐서 어떤 직무가 주어질지 모르지만 조직 내에서 입에 재갈 물리고 했던 이야기를 조직 밖에서 여러 가지 방법으로 할 계획""이라며 ""경찰국 사태와 관련된 책을 쓰고 있다. 책 통해서, 아니면 요즘 유행하는 유튜브 활동 통해서 경찰에 피가 되고 살이 되고 국민께 도움 되는 일에 힘 아끼지 않겠다""고 했다.일각에서 제기되는 '총선 출마설' 등과 관련해서는 ""정치와 관련해서는 정치할 깜냥이 안 된다고 생각한다. 정치와 관련해서는 지금까지 생각이 없다""고 했다.기자회견을 마친 뒤 류 총경은 경찰청 민원실을 통해 사직서를 전달했다.※CBS노컷뉴스는 여러분의 제보로 함께 세상을 바꿉니다. 각종 비리와 부당대우, 사건사고와 미담 등 모든 얘깃거리를 알려주세요.이메일 : jebo@cbs.co.kr카카오톡 : @노컷뉴스사이트 : https://url.kr/b71afn
]",0.29,0
2023-07-31 14:18:01,"[""'K콘텐츠"", '불법유통', ""'"", '처벌', '강화…최대', '3배', '징벌적', '손배', '도입']","[
박대출 ""저작권 침해시 양형기준 상향 검토""당정, '누누티비 사태' 재발 방지책 논의



국민의힘 박대출 정책위의장이 31일 국회에서 열린 K-콘텐츠 불법 유통 방지대책 민·당·정 협의회에서 발언하고 있다. 연합뉴스 국민의힘과 정부는 31일 동영상 콘텐츠 '불법 유통' 사이트에 대해 최대 3배의 징벌적 손해배상을 허용하는 방안을 도입하기로 했다. 당정은 이날 국회에서 'K-콘텐츠 불법유통 근절' 대책 마련을 위한 민당정 협의회를 열고, 이 같이 결정했다고 국민의힘 박대출 정책위의장이 밝혔다. 당정 협의회는 내 온라인 동영상 서비스(OTT) 콘텐츠를 불법으로 스트리밍하던 '누누티비' 재등장을 막기 위한 대책 마련 차원에서 열렸다. 박 정책위의장은 ""콘텐츠 불법 유통을 강력히 제재하기 위해 징벌적 손해배상제 도입을 추진하고 대법원 내 양형위원회와 협의해 양형기준 상향하는 방안 적극 검토하기로 했다""고 설명했다. 앞서 국회 문화체육관광위원회 여당 간사인 이용호 의원은 지난 21일 영상 콘텐츠 불법사이트 등으로 인한 저작권 침해 시 손해배상을 3배까지 늘리는 '징벌적 손해배상제'를 도입하고 관계 공무원에게 현장 조사 권한을 부여하는 내용 등의 저작권법 개정안을 발의한 바 있다.※CBS노컷뉴스는 여러분의 제보로 함께 세상을 바꿉니다. 각종 비리와 부당대우, 사건사고와 미담 등 모든 얘깃거리를 알려주세요.이메일 : jebo@cbs.co.kr카카오톡 : @노컷뉴스사이트 : https://url.kr/b71afn
]",0.53,1
2023-07-31 08:07:05,"['""', '불', 'ㄹ', '앞', '에서', '안', '지키', '어도', '되', '네', '""', '무더위', '에', '국탕류', '간편식', '매출', '21%↑']","[




[서울=뉴시스] 신세계푸드 호텔컬렉션 한우국탕류 5종. (사진=신세계푸드 제공)[서울=뉴시스] 류난영 기자 = 본격적인 무더위에 불 사용 시간은 줄이고 간편하게 조리할 수 있는 국탕류 간편식이 인기를 끌고 있다.31일 신세계푸드에 따르면 7월 국탕류 간편식 매출은 전년 동기 대비 21% 증가했다. 특히 6월 선보인 프리미엄 국탕류 간편식 '호텔컬렉션' 국탕류 5종은 일부 온라인몰에서만 판매하며 특별한 마케팅 활동을 펼치지 않았음에도 불구하고 출시 한 달 만에 누적 판매량 1만개를 돌파한 것으로 나타났다.이 같은 국탕류 간편식의 인기는 최근 지속적인 무더위에 불 사용 시간은 최대한 줄이면서 음식 본연의 맛을 즐기려는 소비자들이 증가했기 때문으로 신세계푸드 측은 분석했다.  프리미엄 국탕류 간편식의 경우 불 사용 시간 뿐 아니라 조리의 번거로움까지 줄일 수 있고, 최근 외식가격 부담으로 인해 집에서 합리적인 가격으로 즐기기 원하는 소비자가 늘어난 것을 인기의 원인으로 꼽았다. 신세계푸드의 한우사골고기곰탕, 한우맑은고기곰탕, 한우미역국 등 호텔컬렉션 국탕류 5종은 개봉하지 않은 제품 그대로 물을 넣은 냄비에 20분만 끓이면 완성된 한 끼 보양식을 즐길 수 있어 편리하다. 또 고기부터 육수 속 재료까지 100% 한우만 엄선하여 사용해 진한 육향과 깊은 국물 맛을 즐길 수 있다.  이에 신세계푸드는 8월에도 무더위가 지속될 것으로 예상해 합리적인 가격으로 국탕류 간편식을 즐기기 원하는 소비자들을 위한 프로모션을 진행한다. 다음달 1일부터 3일까지 카카오 쇼핑라이브, SSG닷컴, 네이버 쇼핑라이브 등에서 진행되는 신세계푸드 국탕류 라이브 방송에서는 최대 35% 할인된 가격으로 한우사골삼계탕을 비롯한 국탕류 간편식을 구입할 수 있다.  신세계푸드 관계자는 ""예년보다 높은 기온과 역대급 무더위에 불 사용을 최소화한 간편식 제품들을 찾는 수요가 늘어나고 있다""며 ""평소 번거롭고 까다로운 조리과정을 요하는 음식들도 쉽고 간편하게 즐길 수 있도록 맛 뿐 아니라 소비자들의 편의성까지 고려한 간편식 라인업을 지속적으로 확대할 것""이라고 말했다．
]",0.33,0
2023-07-31 14:09:01,"['오세훈표', ""'모아타운'"", '내년', '상반기', '첫삽…번동', '시범사업', '본격화']","[




강북구 번동 모아타운 예상도. 서울시 제공 오세훈표 저층주거지 정비모델인 모아타운 사업이 본격 재개발로 이어지는 첫 사례가 나왔다. 서울시는 모아타운 1호인 강북구 번동 시범사업이 구역지정 1년 2개월만에 관리처분계획과 설계를 확정하고 본격 정비에 들어갔다고 31일 밝혔다. 착공은 내년 상반기 중 이뤄지고 오는 2026년에는 실제 입주가 시작될 전망이다.  번동 모아타운은 지난해 4월 통합심의를 통과한 뒤, 이날 관리처분계획 인가를 포함한 사업시행계획 인가가 승인됐다.  정비계획 수립부터 조합추진위 구성 등 일부절차가 생략됐고 사업시행계획 인가까지도 1년 2개월 밖에 안 걸려, 사업 시기를 5~6년 가량 단축했다.  이에따라 번동 모아주택은 내년 상반기 중으로 착공해 2026년 7월에는 모두 1242세대 최고 35층 13개 동의 아파트 단지로 탈바꿈하게 된다.  아울러 기존에 129대에 불과했던 주차공간이 1279대 규모의 지하주차장으로 확장된다. 이를 위해 1~5구역 모아주택 간 건축협정을 통해 인접한 1,2,3구역과 4,5구역 각각의 지하주차장 2개소를 통합 설치했다.  지상부 녹지공간도 3%에서 27%로 확대되고 폭 6m로 협소했던 진입도로는 10~15m로 넓어진다. 단지 안에는 길이 250m의 보행자 전용도로가 생기고 지역주민 누구나 이용가능한 도서관과 문화체육시설, 카페 등 개방형 편의시설도 조성될 예정이다.  서울시는 현재까지 선정된 모아타운 대상지는 67곳으로 구역 지정고시를 추진 중이며, 2026년까지 모두 100곳의 모아타운을 지정고시할 계획이라고 밝혔다.※CBS노컷뉴스는 여러분의 제보로 함께 세상을 바꿉니다. 각종 비리와 부당대우, 사건사고와 미담 등 모든 얘깃거리를 알려주세요.이메일 : jebo@cbs.co.kr카카오톡 : @노컷뉴스사이트 : https://url.kr/b71afn
]",0.46,0
2023-07-31 10:48:03,"['애견호텔', '서', '열사병', '사망…견주', '는', '가수', '장필순']","[




장필순씨 인스타그램 캡처 제주의 한 애견호텔에 맡겨진 반려견이 폭염 속 열사병으로 숨진 사실이 알려졌다. 견주는 가수 장필순씨였다.장필순씨는 최근 인스타그램에 ""지난 23일 오후 (애견호텔에) 입실한 까뮈가 다음 날 아침 심한 탈수로 인한 열사병과 같은 증세로 무지개다리를 건넜다""며 ""믿고 맡긴 반려견 호텔링, 그것도 스페셜케어에서 소중한 생명 까뮈를 죽음으로 몰아냈다""고 밝혔다.장씨 설명을 종합하면, 장씨는 유기견 출신으로 분리불안 증세가 있는 까뮈를 애견호텔 대표가 사택 침대에서 함께 데리고 자는 이른바 '스페셜 케어' 프로그램을 이용했다.그러나 까뮈는 호텔에 맡겨진 지 10여 시간만인 24일 아침 심한 탈수로 인한 열사병 증세로 숨을 거뒀다고 한다.장씨는 ""답답한 차 안에서 수 시간 동안 캔넬에 넣어진 채로 물 한 모금 마시지 못하고, 두꺼운 솜이불에 사면이 덮인 채 애타게 저를 찾았을 까뮈를 생각한다""며 ""생명을 가벼이 여기는 이들에겐 함부로 자격이 주어지지 않기를 바란다""고 전했다.해당 업체도 과실을 인정했다.업체 측은 지난 27일 사과문을 통해 업체 대표가 일행과 식사하던 3시간 동안 장씨의 사전 허락을 구하지 않고 까뮈를 캔넬에 넣어 차 안에 뒀다고 했다.아울러 그날 밤 까뮈를 캔넬에 넣은 뒤 사계절용 이불을 캔넬 위에 덮었으며 감기에 걸릴까 봐 에어컨을 꺼뒀었다고 업체는 해명했다.업체 측은 ""어떠한 사죄로도 아이를 돌려드릴 수 없음에 너무나 죄송한 심정""이라며 ""모든 사고에 대해 책임을 통감하며 영업을 중단하겠다""고 밝혔다.다만 사과문은 현재 삭제된 상태로, 업체는 31일 소셜미디어에 새벽 2차 입장문을 게시했다.업체는 ""잘못된 내용들이 사실인 양 퍼지고 있다""며 까뮈를 차량에 뒀을 때는 에어컨을 켜두었고, 이후 캔넬 위에 덮은 이불은 겨울 솜이불이 아니라 사계절 모두 이용하는 이불이었다고 덧붙였다.※CBS노컷뉴스는 여러분의 제보로 함께 세상을 바꿉니다. 각종 비리와 부당대우, 사건사고와 미담 등 모든 얘깃거리를 알려주세요.이메일 : jebo@cbs.co.kr카카오톡 : @노컷뉴스사이트 : https://url.kr/b71afn
]",0.43,0
2023-07-31 11:56:01,"['尹대통령', '""', '아파트', '지하주차장', '부실공사', '전수조사…안전', '조치', '""']","[




윤석열 대통령. 연합뉴스윤석열 대통령은 31일 ""아파트 지하 주차장 부실 공사에 대해 전수 조사하고, 즉시 안전 조치에 만전을 기하라""고 지시했다.윤 대통령은 이날 오전 용산 대통령실에서 수석비서관회의를 주재하며 원희룡 국토교통부 장관에게 이같이 지시했다고 이도운 대변인이 서면 브리핑을 통해 전했다.원 장관은 전날 한국토지주택공사(LH) 발주 아파트의 철근 누락 문제를 보고받고 ""설계 및 감리 책임자에 대해 가장 무거운 징계 조치와 함께 즉각 수사 의뢰, 고발 조치를 해달라""고 지시했다.국토부는 LH 외 민간 시행사가 발주한 아파트 100여 곳을 추가로 점검해 그 결과를 포함한 종합 대책을 다음달 발표할 예정이다.※CBS노컷뉴스는 여러분의 제보로 함께 세상을 바꿉니다. 각종 비리와 부당대우, 사건사고와 미담 등 모든 얘깃거리를 알려주세요.이메일 : jebo@cbs.co.kr카카오톡 : @노컷뉴스사이트 : https://url.kr/b71afn
]",0.43,0
2023-07-31 14:38:01,"['서울', '신림역', '서', '또', '살', '이', 'ㄴ', '예고…경찰,', '작성자', '추적', '나', '서']","[
6번째 살인 예고 게시글…경찰 IP추적



지난 21일 신림역 인근 상가골목에서 흉기 난동을 벌여 4명의 사상자를 낸 피의자 조선. 31일 서울 관악경찰서는 신림동 일대에서 또 다른 살인을 예고하는 글이 올라와 작성자를 추적하고 있다고 밝혔다. 연합뉴스서울 관악구 신림동 일대에서 또다시 살인을 예고하는 글이 온라인 커뮤니티에 올라와 경찰이 수사에 나섰다.31일 서울 관악경찰서는 '월요일 신림역에서 남성 20명을 살인하겠다'는 살인 예고 글을 확인해 작성자를 추적하고 있다고 밝혔다. 해당 게시글은 전날(30일) 낮 12시 40분쯤 온라인 커뮤니티에 올라왔다. 해당 게시글은 현재는 삭제됐다. 경찰은 인터넷 주소(IP)를 추적하는 등 작성자를 파악 중이다.현재 경찰이 수사 중인 '살인 예고' 게시글은 총 6건이다.서울경찰청 관계자는 이날 오전 열린 기자간담회에서  ""지난 27일 구속된 작성자 외에 신림동 일대에서 살인을 예고한 게시글이 5건 더 있었다""고 말했다.앞서 20대 남성 이모 씨가 '26일 신림역에서 여성 20명을 죽이겠다'는 글과 흉기 구매 내역을 캡처한 사진을 온라인 커뮤니티 디시인사이드에 올렸다가 27일 협박 혐의로 구속됐다.'신림동 흉기난동'에 이어 살인 예고 글까지 온라인에 올라오는 등 신림동 주민들의 불안이 커지면서 경찰은 신림역 인근 특별 방범 활동을 펼치고 있다.※CBS노컷뉴스는 여러분의 제보로 함께 세상을 바꿉니다. 각종 비리와 부당대우, 사건사고와 미담 등 모든 얘깃거리를 알려주세요.이메일 : jebo@cbs.co.kr카카오톡 : @노컷뉴스사이트 : https://url.kr/b71afn
]",0.36,0
2023-07-31 16:16:10,"['코스피', ',', '2차전지', '강세', '속', '2630', '선', '상승', '마감…코스닥', '2%↑', '[', '마감시황', ']']","[




[서울=뉴시스] 김진아 기자 = 31일 서울 중구 하나은행 딜링룸에서 딜러들이 업무를 보고 있다. 이날 코스피는 전 거래일(2608.32)보다 24.26포인트(0.93%) 오른 2632.58에, 코스닥지수는 전 거래일(913.74)보다 22.23포인트(2.43%) 상승한 935.97에, 서울 외환시장에서 원·달러 환율은 전 거래일(1277.0원)보다 2.4원 내린 1274.6원에 마감했다. 2023.07.31. bluesoda@newsis.com[서울=뉴시스] 김경택 기자 = 코스피가 2차전지 관련 기업들의 강세 속 상승 마감했다. 31일 코스피는 전 거래일 대비 24.26포인트(0.93%) 오른 2632.58에 장을 마쳤다. 이날 20.55포인트 상승 출발한 지수는 개인투자자들의 안정적인 매수세 속 2차전지 관련주가 강세를 보이면서 상승폭을 조금씩 확대했다.최근 급격한 변동성을 나타냈던 2차전지주가 지난 28일에 이어 2거래일 연속 강세 흐름을 보이면서 지수 전체에 온기를 불어넣었다.이경민 대신증권 연구원은 ""개인이 3000억원대 순매수세를 기록한 가운데 지난주 발표된 미국 개인소비지출(PCE) 물가 둔화에서 디스인플레이션, 경기 연착륙 기대감이 유입됐다""면서 ""이날 발표된 중국 7월 국가통계국 제조업 구매관리자지수(PMI)는 49.3으로 수축 국면 이어갔으나 시장 예상치(48.9), 6월(49) 모두 상회하며 중국 경기 불안심리 완화를 자극했다""고 말했다. 이 연구원은 ""종목단에서는 포스코 그룹주를 포함한 2차전지 밸류체인 중심으로 수급이 집중되면서 지수 상승으로 이어졌다""고 평가했다.김석환 미래에셋증권 연구원도 ""2차전지 업종 강세에 코스피와 코스닥 양 시장 모두 강세를 보였다""며 ""이날 코스피 상승분인 24포인트 중 약 16포인트, 코스닥 22포인트 중 약 13포인트 정도가 2차전지 관련 기업이 상승 기여분""이라고 설명했다.이날 유가증권시장에서 개인이 나홀로 3461억원어치를 사들였다. 반면 외국인과 기관은 각각 2924억원, 932억원어치를 팔았다. 업종별로는 의료정밀(4.17%), 화학(3.75%), 유통업(3.49%), 비금속광물(3.22%), 철강및금속(3.11%), 서비스업(2.94%), 종이목재(2.44%), 건설업(2.12%), 기계(1.63%), 섬유의복(1.52%), 음식료품(1.01%) 등이 양호한 흐름을 나타냈다. 반면 운수창고(-0.87%), 전기가스업(-0.36%), 의약품(-0.21%), 전기전자(-0.18%) 등은 부진했다.시가총액 상위 종목들은 혼조세를 나타냈다. 대장주인 삼성전자는 800원(1.13%) 내린 6만9800원에 거래를 마쳤고 SK하이닉스(-3.59%), 삼성바이오로직스(-2.30%), LG화학(-0.31%), 현대차(-0.41%), 기아(-1.78%) 등이 하락했다. 반면 NAVER는 7% 넘게 뛰었고 LG에너지솔루션, POSCO홀딩스, 포스코퓨처엠 등이 각각 3%대 강세를 나타냈다. 카오, 셀트리온 등도 1% 넘게 상승했다.코스닥 지수는 22.23포인트(2.43%) 오른 935.97에 마감했다. 코스닥시장에서 개인과 기관이 각각 31억원, 472억원 순매수한 가운데 외국인은 469억원을 순매도했다.코스닥 시총 상위 단에서는 2차전지 관련주가 강하게 상승했다. 포스코DX가 12.10% 뛰었고 에코프로(9.33%), 엘앤에프(7.97%), 에코프로비엠(2.82%) 등이 강세를 나타냈다. 그외 셀트리온헬스케어(2.33%), JYP Ent.(1.04%), HLB(2.82%), 에스엠(2.03%), HPSP(3.76%), 더블유씨피(9.28%), 카카오게임즈(5.35%) 등이 올랐다．
]",0.36,0
2023-07-31 15:49:01,"['집중호우', '피하', '어', '법', '이', 'ㄴ', ',', '법인세', '중간예납', '최대', '9개월', '연장']","[
핵심요약국세청, 8월 한달 법인세 중간예납 신고·납부기간 운영매출 감소 중소기업, 2개월 직권 연장집중호우 피해법인, 2개월 직권 연장 ·신청시 최대 9개월까지 연장조치신고편의 위해 '미리채움 서비스' 운영



법인세 중간예납 신고안내. 국세청 제공8월말까지 법인세 중간예납을 신고·납부해야 하는 가운데 집중호우로 피해를 입은 법인이나 매출감소로 어려움을 겪는 수출 중소기업 등의 납부기한이 연장된다.국세청은 12월에 사업연도가 종료되는 법인은 8월 31일까지 법인세 중간예납세액을 신고･납부해야 하며 8월 1일부터 홈택스로 편리하게 전자신고 할 수 있다고 31일 밝혔다.신고해야 할 중간예납 대상법인은 약 51만 8천여 개로 지난해보다 3천여 개 증가했다.다만 국세청은 집중호우로 직접 피해를 입은 법인에 대해서는 직권으로 납부기한을 2개월 연장하고 신청이 있는 경우 최대 9개월까지 연장조치한다고 설명했다.1분기 부가가치세 매출액이 전년 동기 대비 감소한 수출 중소기업과 경남 거제 등 고용위기지역소재 중소기업 등 5068개 법인에 대해서도 납부기한이 2개월 직권 연장된다.국세청은 직전 사업연도 산출세액 기준으로 신고하는 경우에는 중간예납세액을 자동으로 계산해 주는 '미리채움(Pre-filled) 서비스'를 이용하면 클릭 몇 번으로 간편하게 신고를 마칠 수 있다며 적극적인 활용을 당부했다.※CBS노컷뉴스는 여러분의 제보로 함께 세상을 바꿉니다. 각종 비리와 부당대우, 사건사고와 미담 등 모든 얘깃거리를 알려주세요.이메일 : jebo@cbs.co.kr카카오톡 : @노컷뉴스사이트 : https://url.kr/b71afn
]",0.35,0
2023-07-31 14:45:03,"['정부', '""', '침수주택', '지원금', '두', '배', '로', '높이', '어', '지급', '""']","[




침수 피해를 입은 서울 관악구 신사동 주택가에 침수된 물에 젖은 집기류가 놓여 있다. 박종민 기자정부가 침수주택 지원금을 두 배로 높이고 주택 파손에 대한 지원금도 평균 2.7배 더 상향하기로 했다. 행정안전부는 31일 '수해 피해 지원기준 상향·확대 방안을 발표하고, 주택 전파에 대해서는 실제 건축비에 크게 미달했던 기존 지원금을 평균 2.7배 상향했다고 밝혔다.이에따라 피해 주택 규모별로 지원금은 5천1백만원에서 최대 1억3백만원까지 지급된다. 또 풍수해 보험에 가입돼 있다면 별도의 위로금이 추가돼, 114제곱미터 이상 주택인 경우 최대 1억2800만원까지 지원을 받을 수 있게 된다. 침수주택에 대한 지원기준도 주택 도배, 장판 비용을 기준으로 세대당 300만원이던 것이 600만원으로 2배 더 늘어난다.  수해를 입은 소상공인에 대한 지원도 업체별 300만원에서 700만원으로 인상됐고, 시·도에서도 재해구호기금을 활용, 사업장별로 200만원씩 기금이 별도 지급될 예정이다.  또 실종포함 사망자의 유가족에게도 장제비가 포함된 소정의 위로금을 전달한다는 계획이다.  정부는 농업분야 피해에 대해서도 정확한 피해와 영농손실 규모가 집계 되는대로 실질적 기준을 조속히 확정할 예정이라고 밝혔다.  행안부는 이날 발표된 지원기준에 따라 피해규모 산정이 마무리된 주택과 소상공인 분야부터 이번주에 지급이 시작될 수 있도록 이날 중으로 재난대책비를 지방자치단체에 긴급 교부하기로 했다.※CBS노컷뉴스는 여러분의 제보로 함께 세상을 바꿉니다. 각종 비리와 부당대우, 사건사고와 미담 등 모든 얘깃거리를 알려주세요.이메일 : jebo@cbs.co.kr카카오톡 : @노컷뉴스사이트 : https://url.kr/b71afn
]",0.41,0
2023-07-31 13:38:01,"['가깝', '은', '경기', '바다', '의', '숨결…오감', '으로', '즐기', '자']","[
핵심요약경기관광공사, 가까운 바다를 즐길 수 있는 다양한 경기 바다 여행지 소개



전곡항. 경기관광공사 제공여름 더위를 피해 바다로 떠나는 여행 가까운 경기도 어떨까? 경기 서해안이 만들어 내는 하얀 백사장과 갯벌의 조화는 사람과 동식물이 공존을 이루어 살아 숨 쉬는 자연생태의 보고로, 아이들과 함께하는 가족 여행지로 제격이다.낙조의 아름다움을 감상하며 청정 바다가 주는 각종 수산물로 미식여행을 즐기기도 좋다. 경기 바다에서 쌓아 올린 추억의 한 페이지는 삶의 활력을 불어넣고, 우리에게 자연과 전통의 소중함을 깨닫게 한다.요트승선 체험 제격 '전곡항'전곡항은 어민들의 생계 시설인 어선 정박시설과 일상에 휴식을 주는 휴양 레저시설이 균형 있게 설치되어 있어 레저와 어업이 조화롭게 어우러진 곳이다. 파도가 적고 수심이 3m 이상 유지되어 낚시와 수상레저를 하기에 적합해 주말이면 나들이객이 많이 찾는 명소이다.무엇보다 마리나시설이 잘 갖춰져 있어 매년 6월부터 요트 승선체험을 비롯해 수상 스테이지 공연, 어촌마을체험, 독살체험 등 다채로운 해양문화를 즐길 수 있는 곳이다. 수많은 요트가 계류장에 정박해 있는 이채로운 모습은 나들이객들에게 볼거리를 제공해 승선 체험을 하지 않아도 보는 즐거움이 있다. 전곡항 마리나클럽하우스에서는 요트 승선체험, 유람선, 낚시체험 정보를 안내 받을 수 있어 해양레저문화를 경험하고자 한다면 방문을 추천한다.특히 전곡승강장에서 제부도까지 바다 위를 나는 서해랑 케이블카 탑승 체험은 전곡항을 찾은 관광객들에게 인기 있는 코스로 크고 작은 섬들이 바다 위에 즐비하게 수 놓여져 있는 아름다운 풍경이 일품이다. 특히 서해 낙조시간에 맞춰 케이블카를 이용하면, 환상적인 붉은 노을을 감상할 수 있을 것이다. 전곡승강장의 루프탑 테라스에서는 전곡항 전체가 손에 잡힐 듯 한눈에 들어와 항구를 배경으로 기념사진 촬영하기 좋다.솔향 가득한 대부해솔길 옆 '안산 방아머리해수욕장'



안산 방아머리 해수욕장. 경기관광공사 제공시화방조제를 지나 대부도에 들어서면 가장 먼저 방아머리 해변을 만나게 된다. 바닷가 옆으로 소나무 숲이 우거진 대부해솔길 시작점이 되는 구간부터 약 1km 구간의 모래 백사장이 드러난 방아머리해수욕장은 여름철 물놀이와 갯벌체험 장소로 인기 높다.조수간만의 차이가 심한 서해의 특성에 따라 모래사장까지 바닷물이 들어오는 밀물 때가 되면 전형적인 해수욕장의 풍경이 되다가 썰물이 되면 넓은 갯벌로 변모하여 두 얼굴을 가진 해수욕장이다. 수도권에 위치해 있어 주말이면 해변가에 파라솔을 설치하고 해수욕을 즐기는 사람들로 북적거린다.  물이 빠지는 썰물 때가 되면 갯벌이 형성되어 부드러운 바닥을 맨발로 걸으며 멀리까지 걷거나 바지락 채취를 하는 사람들로 바닷가의 고즈넉한 풍경을 만들어 낸다.방아머리해수욕장 해안가에는 조개구이집과 바지락칼국수 음식점이 많이 있는데 백사장과 바다를 바라보며 음식을 먹을 수 있어 힐링의 시간을 보낼 수 있다. 특히 방아머리음식문화거리는 서해 갯벌에서 생산된 각종 해산물을 맛볼 수 있는 곳으로 해수욕과 맛집 체험을 동시에 할 수 있는 곳이다. 대부해솔길은 대낮에도 그늘이 만들어져 간이 텐트를 치거나 돗자리를 펴고 휴식을 취하는 피서객들로 활기 넘치며 은은하게 퍼져오는 솔향의 상큼함까지 느끼며 여름철 더위를 피할 수 있다.대부도에는 아름다운 일몰을 감상할 수 있는 구봉도 낙조 전망대, 정원이 예쁜 바다향기수목원, 어촌마을체험, 해양안전체험관 등 연계할 수 있는 관광지가 많아 여행지로도 손색이 없다.방조제로 바다를 메운 역사의 현장 '안산 시화호'



안산 시화호. 경기관광공사 제공경기 바다 위 거대한 인공호수, '시화호'를 만든 12.7km 방조제 위를 달리면, 가슴이 뻥 뚫린다. 시흥 오이도 부근부터 안산 방아머리 해변을 잇는 방조제 도로를 통해 인력과 물자 교류가 원활해졌고, 경기 해안권의 대표 관광지로 부상하게 된 계기가 되었다.방조제 중간 부근에 조성된 시화나래조력공원은 '시화호' 관광의 핵심이다. 특히 75m에 달하는 공원 내 달전망대에 오르면 시원하게 바다를 가로지르는 방조제가 한눈에 담긴다. 전망대는 360도로 시화호를 둘러볼 수 있도록 원반 모양을 하고 있어 방조제와 시화호조력발전소뿐만 아니라 서해바다를 감상하기 좋은 포인트이며, 운이 좋다면 시화호조력발전소의 수문이 열리는 장관을 볼 수 있다.조수간만의 차이가 큰 지형적 특성을 이용해 건설한 시화호조력발전소는 인구 50만 규모 도시에 전력을 공급할 만큼 많은 에너지를 생산하고 있다. 시화호의 역사와 조력발전의 원리 등을 소개한 '시화나래 조력문화관'은 체험형 전시물로 구성되어 있어 아이들이 즐기기 좋고, 예약 관람을 신청하면 문화관광해설사의 설명도 들을 수 있어 주말이면 관광객들로 활기가 넘친다.갯벌과 염전의 정취를 한번에 '시흥 갯골생태공원'



시흥 갯골생태공원. 경기관광공사 제공경기도 시흥에는 바다가 아닌 내륙에서 갯벌을 만날 수 있다. 2012년 2월 국가 해양습지보호지역으로 지정된 시흥 갯골생태공원이 바로 그곳. 일제강점기에는 갯골 배후 지역에 145만평 규모의 소래 염전이 활발히 운영되었으나 쇠락하였고 폐염전 부지에 생태공원 조성사업을 통해 현재의 모습을 갖추었다.기수와 담수가 만나는 특성 때문에 이곳에서 자생하는 염생식물 및 저서생물을 관찰할 수 있는 생태공원이자 공원 랜드마크로 불리는 흔들전망대, 염전체험공간, 소금창고, 해수 체험장 등 다양한 시설이 방문객에게 다양한 즐거움을 선사한다. 특히 염전체험 또는 해설 프로그램은 아이들과 함께 경험해보기 좋으므로 사전 예약을 통해 체험해보길 추천한다.여름철, 잔디광장 뒤편 야외정원은 보랏빛을 머금은 '버들마편초'가 활짝 피어 장관을 이룬다. 꽃밭 사잇길을 사뿐히 걸으면서 꽃을 배경으로 사진 촬영하도록 곳곳에 작은 나무의자를 설치해두어 포토존을 마련해두었고, 이외에도 다양한 인생샷 명소가 곳곳에 있어 이색데이트 장소로도 딱이다.오이도에서 월곶포구까지 '시흥 배곧한울공원'



배곧한울공원. 경기관광공사 제공오이도에서 월곶포구까지 해안선을 따라 배곧한울공원이 들어서 있다. 밀물과 썰물이 교차하는 바다는 신비스러울 정도로 확연히 다른 풍광을 연출하는데, 물이 들어찬 바다의 모습과 진흙밭의 갯벌은 지루함 없는 모습으로 시민들의 휴식처가 되어 준다.바다 건너 고층의 송도 풍경이 손에 잡힐 듯 보이고 북쪽으로는 오이도의 한적한 포구 모습이 정겹게 펼쳐져있다. 여름철 운영되는 해수체험장은 시흥 시민들은 물론 인근 도시에서도 찾는 인기 있는 물놀이 시설로 가족 나들이객들이 북적인다. 공원은 바다와 시민들의 주거단지 사이에 위치하여 접근성이 좋으며, 오이도와 대부도로 향하는 나들이객도 잠시 들러 아름다운 갯벌의 풍경을 감상해도 좋은 곳이다.배곧한울공원은 서해바다 해안선을 따라 약 6km 정도 조성되어 운동하기 좋은 장소로도 유명하다. 산책로는 물론 자전거 전용도로가 있어 아침, 저녁으로 운동 겸 산책을 위해 인근 주민들이 애용하는 코스이다. 지금은 운영되지 않는 군부대 해안초소를 화사한 꽃 그림 벽화로 채색하여 방문객들의 발걸음을 가볍게 한다. 또한 바다를 향해 설치된 벤치, 사진 찍기 좋은 천국의 계단 조형물, 커피 및 음료를 즐길 수 있는 카페, 소나무 숲길 등은 공원을 찾은 방문객에게 편안한 쉼을 선사하는 시설들로 시원한 바닷바람까지 맞으면 충분한 휴식이 되는 장소이다. 정왕동의 고층 빌딩과 해당화가 아름답게 핀 해안가의 풍경이 조화를 이루는 도심 속의 친환경 공원으로 인정받고 있다.안보 교육 장소로 제격! '김포함상공원'



김포함상공원. 경기관광공사 제공우리가 바다를 안전하고, 편안하게 느끼고 즐길 수 있는건 영해를 지키는 해군과 군함이 있기 때문일 터. 김포 대명항에는 초계함으로 62년간 바다를 지키다 2006년 12월 퇴역한 운봉함을 전시관으로 개조하여 조성한 '김포함상공원'이 있다.부둣가에 정박한 운봉함으로 들어서면 일반인이 쉽게 접하기 힘든 군함 내부 모습을 볼 수 있을 뿐만 아니라, 다양한 전시물과 영상의 안보 체험공간이 있다. 운봉함이 수행했던 수많은 임무와 우리나라 해전 역사가 담겨있어 아이들과 함께 교육의 목적으로 방문하기 좋다. 갑판 위로도 올라갈 수 있는데 함장 지휘시설인 함교에 서면 서해바다와 공원의 전경이 한눈에 담긴다. 우리 해군의 피와 땀이 스민 운봉함 내외부를 걷고 만지면서 구경하다 보면 자연스럽게 안보의 중요성을 다시금 깨닫고 군인에 대한 감사함이 마음속 깊이 차오른다.야외 전시장에는 각종 전자장비와 탐지기로 바다를 경계했던 해상초계기, 1940년대 초 제작되어 상륙작전에 참여한 단정 LCVP, 1950년대 9월 15일 인천 상륙작전에서 우리 해병을 상륙시키는 데 공을 세운 수륙양용차를 전시하여 다양한 군용장비를 가까이 볼 수 있다. 공원 입장은 무료지만 운봉함 전시관은 소정의 입장료가 있어 매표소에서 구매하면 된다.※CBS노컷뉴스는 여러분의 제보로 함께 세상을 바꿉니다. 각종 비리와 부당대우, 사건사고와 미담 등 모든 얘깃거리를 알려주세요.이메일 : jebo@cbs.co.kr카카오톡 : @노컷뉴스사이트 : https://url.kr/b71afn
]",0.44,0
2023-07-31 13:02:07,"['꿈틀대', '는', '대출금리…주담대', '지난달', '평균금리↑']","[
5대銀 지난달 취급 주담대 평균금리 연 4.31~4.79%올해 처음으로 올라…인뱅도 평균금리 4%대로



[서울=뉴시스]이주혜 기자 = 은행권 주택담보대출 금리가 금융채 등 시장금리 상승 영향으로 오르는 가운데 지난달 주요 은행이 실제 취급한 주담대 금리도 전월보다 상승한 것으로 나타났다. 주택을 구입하기 위해 신규 대출을 받은 차주의 이자 부담이 커졌다. 인터넷은행의 평균금리도 4%대로 올라섰다.31일 은행연합회에 따르면 KB국민·신한·하나·우리·NH농협 등 5대 시중은행이 6월 취급한 분할상환방식 주택담보대출(만기 10년 이상)의 평균금리는 연 4.31~4.79%로 집계됐다. 전월 연 4.25~4.62%보다 상승했다.은행별로는 하나은행이 연 4.31%로 5대 은행 중 평균금리가 가장 낮았다. 이외에 우리은행 연 4.34%, 농협은행 연 4.37%, 국민은행 연 4.44%, 신한은행 연 4.79%로 집계됐다.5대 은행의 신규 취급 주담대 평균금리가 오른 것은 올해 들어 처음이다. 지난해 12월 5%대까지 올랐던 주담대 평균금리는 연초부터 하락세를 이어왔다. 그러나 시장금리가 오르면서 대출금리도 반등했다.인터넷은행의 주담대 평균금리는 4%대로 올라섰다. 주담대 최저금리는 3%대를 유지했으나 실제 취급한 금리는 평균 4%대로 나타났다.카카오뱅크가 지난달 신규 취급한 주담대 평균금리는 연 4.02%로 집계됐다. 전월에는 연 3.88%로 은행권에서 유일하게 3% 후반대 평균금리를 지키던 카카오뱅크의 평균금리마저 4%대로 올라선 것이다. 케이뱅크의 지난달 주담대 평균금리는 4.14%로 나타났다.금융채와 코픽스(COFIX·자금조달비용지수) 등 대출금리의 지표가 되는 시장금리 오르면서 대출금리는 꿈틀대고 있다. 주담대 금리 상단은 6%대로 뛰었다. 금융채(AAA·무보증) 5년물 금리는 28일 4.230%를 기록했다. 5월 말까지 3% 후반대였으나 이후 상승하면서 4% 초반대를 나타내고 있다. 금융채 5년물 금리는 주담대 고정금리의 지표로 사용된다. 주담대 변동금리의 기준이 되는 코픽스(COFIX·자금조달비용지수)는 예금금리와 금융채 금리 상승세를 반영해 두 달 연속 상승했다. 6월 신규 취급액 기준 코픽스는 3.70%로 전월보다 0.14%포인트 올랐다. 이에 코픽스 연동 대출금리도 상승했다.시장에서는 대출금리가 더 오를 것으로 보고 있다. 미국 연방준비제도(Fed·연준)는 27일 기준금리를 0.25%포인트 인상했다. 한미 금리차는 역대 최대인 2%포인트로 벌어졌다. 이에 한국은행이 금리 인상으로 대응해야 한다는 주장이 제기되고 있다. 기준금리가 오르면 채권금리가 상승하고 대출금리에도 영향을 준다.한편 최근 금리 상승으로 차주의 대출이자 부담이 커지면서 일부 은행들은 주담대 금리 인하 조치에 선제적으로 나서고 있다. 농협은행은 주담대 금리를 0.3%포인트 인하했다. 이에 28일 기준 최저금리가 3%대로 내려갔다. 케이뱅크도 아파트담보대출 대환대출용 금리를 최대 0.38%포인트 내렸다．
]",0.41,0
2023-07-31 13:48:01,"['""', '내연차', '인기', '그대로""…토레스', '전기차', ',', ""'"", '3천만원', ""'"", '대', '출시', '하', 'ㄴ다']","[
KG모빌리티, 토레스 EVX 9월 출시'레저 특화' 토레스 특장점 이어 받아보조금 적용시 3천만원대 형성 예상



토레스 EVX. KG모빌리티 제공KG 모빌리티가 중형급 전기 SUV '토레스 EVX'를 오는 9월에 출시한다고 31일 밝혔다.토레스 EVX는 사명 변경 후 KG 모빌리티의 첫번째 전동화 모델이다. 앞서 토레스는 정통 SUV 콘셉트로 출시 1년여 만에 최단기간 누적판매 5만대를 돌파하며 큰 인기를 얻었다.



토레스 EVX. KG모빌리티 제공토레스 EVX는 토레스의 특장점을 이어 받았다. KG 모빌리티 관계자는 ""개발 단계부터 레저와 아웃도어 활동에 용이하도록 오프로드 주행은 물론 적재공간 확대 등 전기 레저 SUV로서 본질에 충실하고자 노력했다""고 설명했다.토레스 EVX의 최저 지상고는 174㎜로 오프로드 주행에 적합하다. 여기에 넓은 전방 시야각이 운전자에게 탁 트인 개방감을 제공한다. 다양한 레저 활동에 필요한 트렁크 공간은 839리터로 동급 SUV 중에서 손 꼽히는 활용도를 자랑한다. 헤드룸은 1열 1033㎜, 2열 1047㎜로 동급 SUV 보다 높아 편안한 실내 공간을 만들어준다.



토레스 EVX. KG모빌리티 제공토레스 EVX는 최근 글로벌 브랜드에서 탑재하고 있는 리튬 인산철(LFP) 배터리를 사용해 외부 충격에 강하고 화재 위험성은 낮추는 등 안전성과 내구성을 높였다. 1회 완충 주행 거리는 국내 기준 420㎞ 이상이다.판매 가격은 트림에 따라 E5 4850만~4950만원, E7 5100만~5200만원 수준에서 결정될 예정이다. 지역별 전기차 보조금을 감안하면 3천만원대에 구입 가능할 것으로 예상된다. 출시일과 최종 판매가격은 오는 9월 결정된다.※CBS노컷뉴스는 여러분의 제보로 함께 세상을 바꿉니다. 각종 비리와 부당대우, 사건사고와 미담 등 모든 얘깃거리를 알려주세요.이메일 : jebo@cbs.co.kr카카오톡 : @노컷뉴스사이트 : https://url.kr/b71afn
]",0.63,1
2023-07-31 14:23:01,"['월드컵공원', '난지연못', '에', '모', '이', '래', '백사장', ""조성…'난지비치'"", '운영']","[




백사장으로 조성된 난지비치. 서울시 제공 월드컵공원 난지연못 주변이 모래사장으로 변신했다. 이번주 주말에는 여름 물놀이행사도 열린다. 서울시는 그동안 자전거와 산책길로 이용되던 월드컵공원 난지연못 주변 데크를 둔치와 모래사장이 펼쳐진 '난지비치'로 조성하는 작업을 완료했다고 31일 밝혔다.  난지연못 데크길은 자전거를 타거나 산책하는 하는 이용객들이 많아 안전사고가 지속적으로 발생했다. 이에따라 시는 사고를 예방하고 위험요소를 제거하기 위해 난지연못 주변에 둔치를 새로 조성하는 사업을 시작했다.



난지비치 조성 전에 난지연못에 설치돼 있던 데크. 서울시 제공   모래 400여톤으로 만든 모래 백사장에는 다음달 말까지 파라솔과 선베드 등이 설치될 예정이며 공원 이용객은 누구나 무료로 이용 가능하다. 또 연못을 배경으로 사진을 촬영할 수 있는 포토존도 2곳을 조성했다. 난지비치 개장 후 첫행사는 물놀이 행사로 정해졌다. 시는 다음달 4일부터 6일까지 사흘동안 '더위사냥! 난지비치로 가자~' 행사를 열고, 바닥분수와 미니풀장, 어린이 미끄럼틀 등을 운영할 예정이다. 또 여름밤의 매직공연과 가족들이 함께 관람할 수 있는 어드벤처 영화관도 운영한다,※CBS노컷뉴스는 여러분의 제보로 함께 세상을 바꿉니다. 각종 비리와 부당대우, 사건사고와 미담 등 모든 얘깃거리를 알려주세요.이메일 : jebo@cbs.co.kr카카오톡 : @노컷뉴스사이트 : https://url.kr/b71afn
]",0.42,0
2023-07-31 11:55:01,"[""'"", '50억', '클럽', ""'"", '박영수', '구속영장', ""재청구…'딸"", '대여금', ""'"", '11억원', '포함', '(', '종합', ')']","[
핵심요약검찰, 특경가법상 수재·청탁금지법 위반 등 혐의  딸이 화천대유서 받은 11억원 청탁금지법 적용



박영수 전 특별검사. 황진환 기자검찰이 '50억 클럽' 의혹과 관련해 한 차례 구속영장이 기각된 박영수 전 특별검사에 대해 구속영장을 재청구했다.서울중앙지검 반부패수사1부(엄희준 부장검사)는 31일 박 전 특검에게 특정경제범죄가중처벌법(수재 등)과 청탁금지법 위반 혐의로 사전 구속영장을 청구했다.박 전 특검은 우리은행 이사회 의장이던 2014년 11~12월 측근인 양재식 변호사와 공모해 남욱(천화동인 4호 소유주) 변호사 등 대장동 민간업자들로부터 ""성남의뜰 컨소시엄에 우리은행이 출자하거나 프로젝트파이낸싱(PF) 대출 여신의향서를 제출해달라""는 청탁을 받고 200억원, 시가 불상의 땅과 단독주택 건물을 약속받은 혐의(특경가법상 수재)를 받는다.  대한변호사협회 회장 선거를 준비하던 박 전 특검은 남 변호사 등 대장동 일당으로부터 선거 자금 3억원을 수수한 혐의도 받고 있다.검찰은 컨소시엄 구성 실무를 맡은 양 변호사가 이러한 약정을 요구하고, 대장동 일당으로부터 확답을 받은 뒤 박 전 특검에게 보고한 것으로 파악하고 있다.박 전 특검은 또 2015년 3~4월 사이에 화천대유자산관리 대주주 김만배씨로부터 5억원을 받고 50억원을 약속받았다는 혐의도 포함했다.검찰은 우리은행의 역할이 'PF대출 여신의향서 제출'로 줄어들면서 애초 박 전 특검이 받기로 약속한 대가도 200억원에서 50억원으로 줄어든 것으로 보고 있다.남 변호사 측으로부터 대장동 사업의 주도권을 넘겨받은 김씨 등으로부터 여신의향서 발급 청탁의 대가로 50억원을 약속받았다는 게 검찰의 시각이다.검찰은 한 차례 구속영장이 기각된 이후 보강수사를 통해 박 전 특검에게 딸이 화천대유 측으로부터 받은 11억원 상당의 대여금을 청탁금지법 위반으로 보고 혐의에 포함했다.박 전 특검의 딸은 2016~2021년 화천대유 직원으로 근무하면서 대여금 11억원과 퇴직금 5억원 등을 받고, 화천대유가 분양한 아파트를 분양받아 시세 차익 8~9억원을 얻은 것으로 파악됐다.검찰은 이 중 2019년 9월부터 2021년 2월 사이에 김씨로부터 대여금 명목으로 받은 11억원을 박 전 특검과 딸이 공모한 것으로 보고 청탁금지법 위반 혐의로 적용했다.검찰은 이 돈이 박 전 특검이 대장동 일당으로부터 받기로 약속한 50억원 중 일부인 것으로 의심하고 있다.앞서 검찰은 지난 18일 박 전 특검의 아내와 딸 주거지 등을 압수수색했다. 또한 딸이 대장동 일당으로부터 받은 돈의 흐름을 추적하다 박 전 특검 아내의 계좌가 활용된 정황도 포착한 것으로 알려졌다. 이어 지난 24일에는 박 전 특검 딸과 양 변호사를 불러 조사했다,검찰은 지난달 26일 박 전 특검과 양 변호사에 대해 구속영장을 청구했지만, 법원은 구속 사유가 없다며 지난달 30일 기각했다.※CBS노컷뉴스는 여러분의 제보로 함께 세상을 바꿉니다. 각종 비리와 부당대우, 사건사고와 미담 등 모든 얘깃거리를 알려주세요.이메일 : jebo@cbs.co.kr카카오톡 : @노컷뉴스사이트 : https://url.kr/b71afn
]",0.61,1
2023-07-31 11:34:02,"['초등교사', '폭행', '관련', '부산교육청', '첫', '직권', ""'"", '교권보호위원회', ""'"", '열', '어']","[
핵심요약첫 직권 교권보호위 다음달 7일 열기로'교육청 지원단'이 '교권보호위'에서 법적 대응 등 피해교사 지원



부산시교육청. 부산시교육청 제공부산시교육청이 최근 관내 초등학교에서 발생한 학생의 교사 폭행 사건과 관련해 다음달 7일 시교육청에서 '부산광역시교육청교권보호위원회'를 연다.부산시교육청은 그동안 자체 조사한 결과, 이번 사건이 교원지위법 제19조 제1항 제3호 '교육감이 교권 보호를 위해 시도교권보호위원회의 심의가 필요하다고 인정하는 사항'이라고 보고 교권보호위원회'를 직권으로 열기로 했다.부산시교육청이 직권으로 교권보호위원회를 여는 것은 이번이 처음이다. 부산시교육청은 이번 교권보호위원회를 앞두고 지난 24일 하윤수 부산시교육감이 발표한 교육활동 보호 개선 방안에 따라 교권보호위원회 개최 전부터 피해 교원 지원에 들어간다. 우선, 변호사 등으로 구성한 '교육청 지원단'을 통해 피해 교원에게 초기상담과 위원회 대리 출석 등의 대응을 돕는다. 또, 피해 교사가 역으로 아동학대 등으로 고소되거나, 지속적으로 학부모 등의 악성 민원에 시달리는 경우에는 교육청에서 변호사 지원 등을 통해 법적 대응도 지원한다.. 신체·심리적 회복을 위한 치료비는 200만 원까지, 개인 치유 비용은 50만 원까지 각각 지원하고 피해 교원이 희망할 경우에는 긴급 전보 등을 통해 근무지도 옮겨 줄 예정이다. 교권보호와 관련해 부산시교육청은 다음달 4일까지 전체 교원을 대상으로 교육활동 침해 실태 조사를 진행 중이며, 조사 결과에 따라 법률 지원, 심리(치료) 비용 등을 지원할 계획이다.※CBS노컷뉴스는 여러분의 제보로 함께 세상을 바꿉니다. 각종 비리와 부당대우, 사건사고와 미담 등 모든 얘깃거리를 알려주세요.이메일 : jebo@cbs.co.kr카카오톡 : @노컷뉴스사이트 : https://url.kr/b71afn
]",0.42,0
2023-07-31 14:42:01,"['경찰', ',', '새만금', '세계스카우트', '잼버리', '영지', '내', '불법', '드론', '적발']","[




31일 오전 전북 새만금 세계스카우트 잼버리 영지에서 불법으로 드론을 비행한 30대가 경찰에 적발됐다. 전북경찰청 제공전북 부안의 새만금 세계스카우트 잼버리 영지에서 불법으로 드론을 비행한 30대가 경찰에 적발됐다. 전북경찰청은 항공안전법 위반 혐의로 A(31)씨를 적발해 조사 중이라고 31일 밝혔다. 그는 이날 오전 7시 30분쯤 비행금지 구역으로 설정된 새만금 세계스카우트 잼버리 영지에서 불법으로 드론을 조종한 혐의를 받는다. 새만금 세계스카우트 잼버리 영지는 참가자의 안전을 위해 비행금지 구역으로 설정됐다. 경찰특공대는 24시간 안티 드론팀을 운영하던 중 드론이 금지구역에서 비행하는 것을 탐지했다. 경찰은 전파교란을 통해 드론의 비행을 방해하고 조종자를 적발했다. 국토부장관의 허가를 받지 않은 곳에서 드론 등을 비행하다 적발될 경우 300만 원 이하의 과태료에 처한다. 경찰 관계자는 ""행사장 내·외부의 참가자 안전확보를 위해 경찰특공대가 불법 드론 탐지기 감지활동을 강화하고 있다""며 ""안전을 최우선으로 새만금 세계스카우트 잼버리대회가 성공리에 마무리될 수 있도록 최선을 다하겠다""고 말했다.※CBS노컷뉴스는 여러분의 제보로 함께 세상을 바꿉니다. 각종 비리와 부당대우, 사건사고와 미담 등 모든 얘깃거리를 알려주세요.이메일 : jebo@cbs.co.kr카카오톡 : @노컷뉴스사이트 : https://url.kr/b71afn
]",0.53,1
2023-07-31 16:01:01,"['부하', '직원', '갑질', '의혹', '서귀포해양경찰서', '간부', ""'"", '중징계', ""'""]","[
해경청, 경정에서 경감으로 강등 처분



서귀포해양경찰서. 연합뉴스부하 직원을 상대로 갑질 의혹이 불거졌던 제주 해경 간부가 중징계를 받았다. 31일 CBS노컷뉴스 취재 결과 최근 해양경찰청은 갑질과 시간외 수당 부정수급 의혹이 불거진 서귀포해양경찰서 소속 A 경정에 대한 징계위원회를 열어 중징계인 '강등' 처분을 했다.강등 처분에 A 경정은 '경감'으로 한 직급 내려갔다. A 경정은 지난해부터 올해 6월까지 직원을 상대로 공개된 장소에서 욕설하는 등 갑질 의혹으로 감찰 조사를 받았다. 아울러 지난해 시간외 근무수당을 부정 수급한 의혹도 받았다. 피해 직원들이 해경 청렴신문고에 직장 내 괴롭힘 신고를 제기하며 조사가 이뤄졌다.※CBS노컷뉴스는 여러분의 제보로 함께 세상을 바꿉니다. 각종 비리와 부당대우, 사건사고와 미담 등 모든 얘깃거리를 알려주세요.이메일 : jebo@cbs.co.kr카카오톡 : @노컷뉴스사이트 : https://url.kr/b71afn
]",0.44,0
2023-07-31 11:26:03,"[""'"", '덥', '으니까', '잠시', ""실례'…가정집"", '수영장', '에', '피서온', '야생곰']","[




버냉크 경찰 트위터 캡처미국 캘리포니아에서 야생 곰이 가정집 수영장에서 더위를 식히는 모습이 경찰에 포착됐다.미국 캘리포니아주 버뱅크 경찰은 28일(현지시간) 오후 3시 30분쯤 주택가에 곰이 출몰했다는 신고를 받고 출동해 ""곰이 더위를 이기고 있었다""며, 이같은 장면을 트위터에 올렸다.영상을 보면 큰 곰 한 마리가 집 마당에 딸린 것으로 보이는 수영장 자쿠지에 피서객처럼 몸을 반쯤 담그고 있다. 이따금 경치를 즐기는 것처럼 언덕 아래 도시 전경을 바라보는 모습도 담겼다.이 곰은 근처 산비탈에서 발견된 뒤, 수영장 근처에 경찰관들이 나타나자 담을 넘어 뒷편 숲으로 사라졌다.해당 주말에 낮 최고기온은 35.5도를 넘어섰다. 캘리포니아에는 2만5천~3만 마리의 곰이 서식하고 있다고 CNN방송은 전했다.※CBS노컷뉴스는 여러분의 제보로 함께 세상을 바꿉니다. 각종 비리와 부당대우, 사건사고와 미담 등 모든 얘깃거리를 알려주세요.이메일 : jebo@cbs.co.kr카카오톡 : @노컷뉴스사이트 : https://url.kr/b71afn
]",0.5,1
2023-07-31 14:48:13,"['""', '언제', '어디', '서나', '고객상담', 'OK""…코웨이,', '챗봇', ""'코담'"", '운영']","[
상담 카테고리 6개로 세분화 적용



[서울=뉴시스] 코웨이 고객 상담 챗봇 서비스 '코담'. (이미지=코웨이 제공) 2023.07.31. photo@newsis.com[서울=뉴시스] 배민욱 기자 = 코웨이는 디지털 전환의 일환으로 대고객 상담 챗봇 서비스인 '코담(CODAM)'을 도입했다고 31일 밝혔다.코담은 고객들이 시간과 장소에 제약 없이 제품 추천을 비롯해 AS(사후서비스) 접수 등 코웨이와 관련된 다양한 정보를 확인하고 궁금증을 해결하는 데 도움을 주기 위해 도입했다.코담은 고객들의 이용 편의성을 높이기 위해 상담 카테고리를 6개로 세분화 했다. 문제 해결과 AS 접수, 이사 설치 예약, 제품 추천·이벤트, 코디 점검, 계약 확인과 정보 변경, 자주 찾는 질문이다. 코담은 코웨이닷컴, 코웨이 카카오 서비스 알림톡, 코웨이 카카오 고객센터 채널 등을 통해 이용이 가능하다. 고객은 자신이 필요한 카테고리를 선택해 자유롭게 상담을 받아볼 수 있다.코웨이는 코담을 통해 고객에게 제공 가능한 정보를 지속적으로 확대해 나갈 예정이다.
]",0.6,1
2023-07-31 12:02:07,"['근로자', '실질임금', '석', '달', '연속', '감소']","[
지난 4월 333만 2천 원, 0.2%↓…5월 사업체 종사자 수는 41.7만 명↑



서울 여의도에서 직장인들이 우산을 쓰고 출근길을 재촉하고 있다. 황진환 기자소비자물가 상승세 둔화에도 근로자 실질임금이 석 달 연속 감소했다.31일 고용노동부가 발표한 '6월 사업체노동력조사 결과'에 따르면 지난 5월 기준 근로자 1인당 월평균 임금총액은 370만 3천 원으로 지난해 5월 대비 11만 2천 원, 3.1% 증가했다.월평균 임금총액(명목임금)은 지난 2월부터 넉 달째 전년 동월 대비 증가를 거듭했다.그러나 물가를 고려한 월평균 실질임금(명목임금X100/소비자물가지수)은 지난 5월 333만 2천 원으로 지난해 5월보다 오히려 0.2% 감소했다.근로자 실질임금은 지난 2월 0.7% 반짝 증가했으나 바로 다음 달인 3월부터 3개월 연속 감소가 이어졌다.소비자물가 상승률은 올해 1월 5.2%에서 5월 3.3%로 매달 축소되고 있음에도 근로자 실질임금은 좀처럼 감소세를 떨쳐내지 못하고 있다.한편, 사업체 종사자 수는 증가세를 지속했다.지난 6월 마지막 영업일 현재 종사자 1인 이상 사업체의 종사자는 1987만 5천 명으로 지난해 6월 대비 41만 7천 명, 2.1% 늘었다. 증가 폭이 전달인 5월 38만 명보다 커졌다.사업체 종사자 수는 2021년 3월부터 28개월째 전년 동월 대비 증가를 거듭했다.월간 증가 폭이 40만 명대를 기록하기는 지난 3월(41만 5천 명) 이후 석 달 만이다.전 산업 중 종사자 수 비중이 가장 큰(약 19%) 제조업에서는 지난달 종사자 수가 4만 3천 명(1.2%) 늘었다.제조업 종사자 수 증가 폭은 지난 4월 4만 4천 명에서 5월 3만 9천 명으로 작아졌다가 지난달 다시 4만 명대를 회복했다.※CBS노컷뉴스는 여러분의 제보로 함께 세상을 바꿉니다. 각종 비리와 부당대우, 사건사고와 미담 등 모든 얘깃거리를 알려주세요.이메일 : jebo@cbs.co.kr카카오톡 : @노컷뉴스사이트 : https://url.kr/b71afn
]",0.28,0
2023-07-31 08:47:03,"['양재', '가', '아니', 'ㄴ', '량차', '이', '?', '…지하철', '중국어', '알', 'ㄴ', '내', '고유명사', '로', '바꾸', 'ㄴ다']","[




서울 지하철의 중국어 안내방송에서 '강남'이나 '양재' 같은 명칭이 중국어 발음(장난, 량차이)이 아닌 우리 고유명사 발음으로 변경된다.서울교통공사는 2호선 강남역과 3호선 양재역의 중국어 안내방송에 대해 다음달부터 고유명사로 변경할 예정이라고 31일 밝혔다.중국어 안내방송은 지난 2016년부터 신분당선 개통에 맞춰 중국 관광객 활성화를 위해 시범 운영 중인데, 우리말 고유명사로 방송되는 대부분 역사와 달리 강남과 양재역만 중국어 원음으로 송출돼 혼란을 주고 있다는 지적이 제기돼 왔다.공사는 강남역과 양재역에 대한 방송문안 적정여부를 한국관광공사에서 감수 받은 뒤 중국어 전문 성우를 섭외해 새로 녹음할 예정이다.  새로운 음원은 다음달 19일부터 2호선 75개 전동차, 3호선 49개 전동차에 순차적으로 적용될 예정이며, 공사는 이후 추가로 건설되는 역사에 대해서도 우리말 고유명사로 방송을 제작해 송출할 예정이라고 밝혔다.※CBS노컷뉴스는 여러분의 제보로 함께 세상을 바꿉니다. 각종 비리와 부당대우, 사건사고와 미담 등 모든 얘깃거리를 알려주세요.이메일 : jebo@cbs.co.kr카카오톡 : @노컷뉴스사이트 : https://url.kr/b71afn
]",0.58,1
